Vegetation,Plant species,root microb3,GPS coords (dd),Elevation (masl) ,VWC (%) ,pH ,Location ,LDMC (g/g),SLA (cm^2/g),15N,13C,Wt% N*,Wt% C*,C:N ratio,soilN2,soilC2,Tube,SampleID
S,Alnus viridis (Chaix) DC. [ = Alnus alnobetula (Ehrh.) K. Koch],Nfix,"46.6211, 8.634943",1638,51,5.79,Switzerland,0.421875,132.1795397,-2.0868424,-29.8035856,1.4575696,51.3217023,35.21046426,0.301,4.857,1,ITS.cc.1
S,Alnus viridis (Chaix) DC. [ = Alnus alnobetula (Ehrh.) K. Koch],Nfix,"46.6211, 8.634943",1585,28,4.82,Switzerland,0.420747097,113.7801261,-1.6744886,-29.1097491,3.3056379,49.3145337,14.91831083,0.36,4.643,2,ITS.cc.2
S,Alnus viridis (Chaix) DC. [ = Alnus alnobetula (Ehrh.) K. Koch],Nfix,"46.6211, 8.634943",1560,36,4.69,Switzerland,0.375971342,32.73508518,-1.1199786,-29.7873792,3.373462,49.1094719,14.55758858,0.775,9.346,3,ITS.cc.3
S,Alnus viridis (Chaix) DC. [ = Alnus alnobetula (Ehrh.) K. Koch],Nfix,"46.6211, 8.634943",1558,35,5.29,Switzerland,0.390784558,129.5763623,-1.4123566,-29.2292713,3.0786187,47.8304094,15.53632134,0.216,4.727,4,ITS.cc.4
S,Alnus viridis (Chaix) DC. [ = Alnus alnobetula (Ehrh.) K. Koch],Nfix,"46.6211, 8.634943",1587,26,5.43,Switzerland,0.381828179,36.84852148,-1.6704558,-28.8869111,3.2160273,46.5199013,14.46502065,0.137,3.301,5,ITS.cc.5
S,Alnus viridis (Chaix) DC. [ = Alnus alnobetula (Ehrh.) K. Koch],Nfix,"46.6211, 8.634943",1597,37,5.19,Switzerland,0.42464986,126.3690815,-1.5464472,-28.5172026,3.0446319,49.2474421,16.17517116,0.297,3.589,6,ITS.cc.6
S,Alnus viridis (Chaix) DC. [ = Alnus alnobetula (Ehrh.) K. Koch],Nfix,"46.6211, 8.634943",1605,43,5.51,Switzerland,0.381731684,147.6869785,-1.4436108,-28.6721763,2.9004403,48.1461797,16.59961065,0.322,5.547,7,ITS.cc.7
S,Alnus viridis (Chaix) DC. [ = Alnus alnobetula (Ehrh.) K. Koch],Nfix,"46.6211, 8.634943",1606,46,6.6,Switzerland,0.394310777,30.59122969,-1.424455,-29.5382058,3.0314924,47.2767435,15.59520436,0.73,10.466,8,ITS.cc.8
S,Alnus viridis (Chaix) DC. [ = Alnus alnobetula (Ehrh.) K. Koch],Nfix,"46.6211, 8.634943",1625,42,4.82,Switzerland,0.405474654,29.75147978,-1.5635866,-29.2991614,2.5051845,49.3428206,19.69628209,0.733,8.336,9,ITS.cc.9
S,Alnus viridis (Chaix) DC. [ = Alnus alnobetula (Ehrh.) K. Koch],Nfix,"46.6211, 8.634943",1627,69,5.5,Switzerland,0.408518519,35.30274348,NA,NA,NA,NA,NA,0.153,8.257,10,ITS.cc.10
NS,"Euphrasia montana, Alchemilla xanthichlore",AMF,"46.6211, 8.634943",1638,36,5.13,Switzerland,NA,NA,NA,NA,NA,NA,NA,0.376,4.936,11,ITS.cc.11
NS,"Euphrasia montana, Alchemilla xanthichlore",AMF,"46.6211, 8.634943",1586,47,5.51,Switzerland,NA,NA,NA,NA,NA,NA,NA,0.566,4.941,12,ITS.cc.12
NS,"Euphrasia montana, Alchemilla xanthichlore",AMF,"46.6211, 8.634943",1556,36,5.36,Switzerland,NA,NA,NA,NA,NA,NA,NA,0.207,5.089,13,ITS.cc.13
NS,"Euphrasia montana, Alchemilla xanthichlore",AMF,"46.6211, 8.634943",1559,61,5.89,Switzerland,NA,NA,NA,NA,NA,NA,NA,0.452,4.849,14,ITS.cc.14
NS,"Euphrasia montana, Alchemilla xanthichlore",AMF,"46.6211, 8.634943",1587,38,5.4,Switzerland,NA,NA,NA,NA,NA,NA,NA,0.375,3.198,15,ITS.cc.15
NS,"Euphrasia montana, Alchemilla xanthichlore",AMF,"46.6211, 8.634943",1596,42,5.42,Switzerland,NA,NA,NA,NA,NA,NA,NA,0.45,6.805,16,ITS.cc.16
NS,"Euphrasia montana, Alchemilla xanthichlore",AMF,"46.6211, 8.634943",1601,44,5.36,Switzerland,NA,NA,NA,NA,NA,NA,NA,0.811,5.143,17,ITS.cc.17
NS,"Euphrasia montana, Alchemilla xanthichlore",AMF,"46.6211, 8.634943",1605,40,5.7,Switzerland,NA,NA,NA,NA,NA,NA,NA,0.236,3.494,18,ITS.cc.18
NS,"Alchemilla alpina, Silene v. ssp. glareosa, Vaccinium myrtillis",AMF,"46.6211, 8.634943",1626,44,5.31,Switzerland,NA,NA,NA,NA,NA,NA,NA,0.227,4.485,19,ITS.cc.19
NS,Alchemilla xanthichlore,AMF,"46.6211, 8.634943",1625,68,5.36,Switzerland,NA,NA,NA,NA,NA,NA,NA,1.052,10.943,20,ITS.cc.20
S,Sasa kurilensis,AMF,"43.563258, 142.901103",1781,40,6.6,Japan,0.531668697,122.4542362,-5.6619196,-25.8654304,1.5696194,42.0271896,26.77540148,1.644,18.513,21,ITS.cc.21
S,Sasa kurilensis,AMF,"43.563258, 142.901103",1780,58,6.8,Japan,0.504769475,29.0733932,-4.3855384,-26.7223438,2.4839612,44.2774917,17.82535561,0.414,16.618,22,ITS.cc.22
S,Sasa kurilensis,AMF,"43.563258, 142.901103",1771,50,6.3,Japan,0.484221599,29.24192056,-3.0194274,-25.5423153,1.458645,46.1503852,31.63921667,0.64,15.43,23,ITS.cc.23
S,Sasa kurilensis,AMF,"43.563258, 142.901103",1766,58,6.2,Japan,0.529752705,31.80991836,-0.3870172,-24.7674468,2.542059,44.8904039,17.65907239,1.344,13.7,24,ITS.cc.24
S,Sasa kurilensis,AMF,"43.563258, 142.901103",1763,53,6.4,Japan,0.3813512,33.33867761,1.0668072,-25.9383592,3.332029,45.98782,13.80174662,0.8,10.357,25,ITS.cc.25
S,Sasa kurilensis,AMF,"43.563258, 142.901103",1773,57,6.2,Japan,0.496491228,126.5349853,-0.7318216,-25.2192002,1.9896751,46.1624368,23.20099236,1.467,11.588,26,ITS.cc.26
S,Sasa kurilensis,AMF,"43.563258, 142.901103",1774,58,6.4,Japan,0.460089241,126.5106245,-3.1293212,-25.2971935,2.0349592,44.751782,21.99148858,0.679,13.448,27,ITS.cc.27
S,Sasa kurilensis,AMF,"43.563258, 142.901103",1774,58,6.6,Japan,0.479452055,117.9056333,-3.8905122,-25.9059464,2.3522569,44.724479,19.01343301,1.126,11.812,28,ITS.cc.28
S,Sasa kurilensis,AMF,"43.563258, 142.901103",1767,40,6.4,Japan,0.496581728,127.6291904,-3.491265,-26.0467395,2.9380107,45.2301253,15.39481299,1.587,13.227,29,ITS.cc.29
S,Sasa kurilensis,AMF,"43.563258, 142.901103",1767,38,6.6,Japan,0.477489768,107.5298439,-1.5867752,-27.0008913,2.5873488,46.4525295,17.95371753,1.272,11.777,30,ITS.cc.30
NS,"Juncs beringensis, Geum pentapetalum",AMF,"43.563258, 142.901103",1781,78,6.8,Japan,NA,NA,NA,NA,NA,NA,NA,0.537,7.618,31,ITS.cc.31
NS,"Scirpus maximowiczii, Scirpus caspitosus",AMF,"43.563258, 142.901103",1780,83,6.8,Japan,NA,NA,NA,NA,NA,NA,NA,0.373,5.54,32,ITS.cc.32
NS,"Scirpus maximowiczii, Juncs beringensis",AMF,"43.563258, 142.901103",1771,60,6.6,Japan,NA,NA,NA,NA,NA,NA,NA,1.881,33.21,33,ITS.cc.33
NS,"Calamagrostis langsdorffii, Sanguisorba stipulata",AMF,"43.563258, 142.901103",1766,76,6.4,Japan,NA,NA,NA,NA,NA,NA,NA,1.458,22.64,34,ITS.cc.34
NS,"Deschampsia caespitosa, Solidago virgaurea",AMF,"43.563258, 142.901103",1763,64,6.7,Japan,NA,NA,NA,NA,NA,NA,NA,0.974,16.35,35,ITS.cc.35
NS,"Calamagrostis langsdorffii, Geum pentapetalum",AMF,"43.563258, 142.901103",1773,50,6,Japan,NA,NA,NA,NA,NA,NA,NA,1.164,11.738,36,ITS.cc.36
NS,"Deschampsia caespitosa, Calamagrostis langsdorffii",AMF,"43.563258, 142.901103",1774,57,6.6,Japan,NA,NA,NA,NA,NA,NA,NA,1.542,12.955,37,ITS.cc.37
NS,"Deschampsia caespitosa, Potentilla mastumurae",AMF,"43.563258, 142.901103",1774,65,6.8,Japan,NA,NA,NA,NA,NA,NA,NA,0.475,9.826,38,ITS.cc.38
NS,"Calamagrostis langsdorffii, Saussurea riederi",AMF,"43.563258, 142.901103",1767,47,6,Japan,NA,NA,NA,NA,NA,NA,NA,0.564,13.154,39,ITS.cc.39
NS,"Calamagrostis langsdorffii, Saussurea riederi",AMF,"43.563258, 142.901103",1767,41,6.6,Japan,NA,NA,NA,NA,NA,NA,NA,0.614,12.39,40,ITS.cc.40
S,Rhododendron ferrugineum,"ECM,ERM","46.6736111, 10.591944444444445",2344,36.03,3.85,Italy ,0.492755723,75.3591544,-4.6426294,-27.7919662,1.1400248,51.9152321,45.53868661,1.015,6.922,41,ITS.cc.41
S,Rhododendron ferrugineum,"ECM,ERM","46.6736111, 10.591944444444445",2344,43.46,3.79,Italy ,0.495091915,90.21701563,-5.6649442,-28.5688605,1.0783585,52.1722115,48.38113809,4.574,8.521,42,ITS.cc.42
S,Rhododendron ferrugineum,"ECM,ERM","46.6736111, 10.591944444444445",2349,23.07,4.29,Italy ,0.497121212,70.40041841,-1.8519318,-27.0059558,1.4708567,51.6103669,35.08864385,4.565,10.848,43,ITS.cc.43
S,Rhododendron ferrugineum,"ECM,ERM","46.6736111, 10.591944444444445",2353,52.35,3.86,Italy ,0.492435101,59.54700433,-2.0576046,-27.3310967,1.5007406,51.0695026,34.02953355,0.631,7.268,44,ITS.cc.44
S,Rhododendron ferrugineum,"ECM,ERM","46.6736111, 10.591944444444445",2337,22.23,4.6,Italy ,0.475986015,95.20820119,-7.0441618,-28.6630602,1.1797801,52.5471628,44.53979415,1.095,5.955,45,ITS.cc.45
S,Rhododendron ferrugineum,"ECM,ERM","46.6736111, 10.591944444444445",2355,34.12,3.65,Italy ,0.499321311,93.51634862,-2.3963598,-27.4577092,1.4405555,51.3095106,35.6178645,2.4,14.126,46,ITS.cc.46
S,Rhododendron ferrugineum,"ECM,ERM","46.6736111, 10.591944444444445",2359,37.81,4.19,Italy ,0.499689345,76.35915352,-2.2632774,-27.7139729,1.4859188,51.5249387,34.67547399,2.825,9.58,47,ITS.cc.47
S,Rhododendron ferrugineum,"ECM,ERM","46.6736111, 10.591944444444445",2369,45.14,3.71,Italy ,0.462143044,82.97859374,-0.89515,-27.1801746,1.4299393,51.8178407,36.23779044,1.277,24.124,48,ITS.cc.48
S,Rhododendron ferrugineum,"ECM,ERM","46.6736111, 10.591944444444445",2380,58.36,3.95,Italy ,0.504651163,95.84061656,-4.3744482,-29.1826779,1.266046,51.8090354,40.92192179,1.572,5.575,49,ITS.cc.49
S,Rhododendron ferrugineum,"ECM,ERM","46.6736111, 10.591944444444445",2386,35.76,3.72,Italy ,0.460958904,88.54774169,-4.1637344,-28.6215313,1.1693795,52.1334734,44.58216806,2.981,11.557,50,ITS.cc.50
NS,Nardus stricta,AMF,"46.6736111, 10.591944444444445",2344,57.28,3.72,Italy ,NA,NA,NA,NA,NA,NA,NA,4.838,10.161,51,ITS.cc.51
NS,"Nardus stricta, Avenella flexuosa, mosses",AMF,"46.6736111, 10.591944444444445",2337,31.23,4.68,Italy ,NA,NA,NA,NA,NA,NA,NA,2.469,11.158,52,ITS.cc.52
NS,"Luzula alpino pilosa, Nardus stricta, Soldanella pusilla, Senecio carniolicus",AMF,"46.6736111, 10.591944444444445",2349,23.59,4.32,Italy ,NA,NA,NA,NA,NA,NA,NA,3.122,6.767,53,ITS.cc.53
NS,"Nardus stricta, Avenella flexuosa",AMF,"46.6736111, 10.591944444444445",2350,53.86,3.81,Italy ,NA,NA,NA,NA,NA,NA,NA,7.458,19.217,54,ITS.cc.54
NS,"Nardus stricta, Avenella flexuosa, Senecio carniolicus",AMF,"46.6736111, 10.591944444444445",2344,18.36,4.58,Italy ,NA,NA,NA,NA,NA,NA,NA,0.889,6.146,55,ITS.cc.55
NS,"Agrostis rupestris, Poa alpina, Cetraria, Polytrichum",AMF,"46.6736111, 10.591944444444445",2343,30.02,3.98,Italy ,NA,NA,NA,NA,NA,NA,NA,2.595,11.666,56,ITS.cc.56
NS,"Homogyne alpina, Poa alpina, Potentilla aurea, Agrostis rupestris",AMF,"46.6736111, 10.591944444444445",2359,22.69,4.08,Italy ,NA,NA,NA,NA,NA,NA,NA,2.413,8.044,57,ITS.cc.57
NS,"Nardus stricta, Homogyne alpina, Luzula alpino pilosa",AMF,"46.6736111, 10.591944444444445",2370,38.76,3.73,Italy ,NA,NA,NA,NA,NA,NA,NA,0.759,12.185,58,ITS.cc.58
NS,"Poa alpina, Soldanella pusilla, Polytrichum, Potentilla aurea",AMF,"46.6736111, 10.591944444444445",2380,45.15,3.96,Italy ,NA,NA,NA,NA,NA,NA,NA,3.031,12.525,59,ITS.cc.59
NS,"Nardus stricta, Soldanella pusilla, Carex curvula",AMF,"46.6736111, 10.591944444444445",2389,28.9,3.67,Italy ,NA,NA,NA,NA,NA,NA,NA,1.885,10.459,60,ITS.cc.60
S,Salix glauca,"ECM,ERM","40° 03.373', 105° 35.313'",3530,10,7.7,US CO,0.314387788,131.3016529,-1.4554284,-25.9719242,2.730659,49.1079476,17.98391802,0.707,26.781,61,ITS.cc.61
S,Salix glauca,"ECM,ERM","40° 03.374', 105° 35.297'",3530,8.5,6.4,US CO,0.323053892,157.4606117,0.594218,-25.801436,2.980932614,51.03747418,17.12131094,0.393,28.174,62,ITS.cc.62
S,Salix glauca,"ECM,ERM","40° 03.380', 105° 35.291'",3530,13,6.1,US CO,0.331754623,127.532291,-2.4441105,-27.2189144,2.628887747,51.2454569,19.49320847,0.36,19.173,63,ITS.cc.63
S,Salix glauca,"ECM,ERM","40° 03.379', 105° 35.281'",3530,9.5,5.7,US CO,0.275566751,208.4095064,-1.4476105,-28.6505272,3.076394295,51.23803204,16.65522268,2.013,28.254,64,ITS.cc.64
S,Salix glauca,"ECM,ERM","40° 03.392', 105° 35.31.293",3530,6.6,5.3,US CO,0.303519062,141.3848631,1.2648625,-26.866564,3.295979698,50.54940858,15.33668688,1.681,21.147,65,ITS.cc.65
S,Salix glauca,"ECM,ERM","40° 03.397', 105° 35.302'",3530,8.6,5.6,US CO,0.281945163,224.587156,-2.4939355,-27.396604,2.750512637,49.2049537,17.88937562,0.995,26.577,66,ITS.cc.66
S,Salix glauca,"ECM,ERM","40° 03.400', 105° 35.295'",3530,8.6,5.2,US CO,0.312549643,137.8653113,0.313205,-25.10986,3.418964605,50.68999393,14.82612422,0.426,26.076,67,ITS.cc.67
S,Salix glauca,"ECM,ERM","40° 03.414', 105° 35.265'",3530,16.9,5.5,US CO,0.353925067,148.3931947,-1.285181,-27.5601592,3.038407481,50.94257468,16.76620894,1.594,21.278,68,ITS.cc.68
S,Salix glauca,"ECM,ERM","40° 03.418', 105° 35.275'",3530,6.9,5.1,US CO,0.308321132,136.5255243,0.819427,-25.4107208,3.757988962,51.18757423,13.62100175,1.688,24.066,69,ITS.cc.69
S,Salix glauca,"ECM,ERM","40° 03.416', 105° 35.283'",3530,7.9,5.6,US CO,0.291807718,182.5986079,0.4517185,-25.4813928,3.965184846,50.93136019,12.84463705,1.035,12,70,ITS.cc.70
NS,"Kobresia myosuroides, Geum rossii, Artemisia  scopulorum",AMF,"40° 03.373', 105° 35.341'",3530,13.9,7.1,US CO,NA,NA,NA,NA,NA,NA,NA,0.563,18.329,71,ITS.cc.71
NS,"Kobresia myosuroides, Geum rossii, Carex rupestris",AMF,"40° 03.373', 105° 35.295'",3530,15.4,5.9,US CO,NA,NA,NA,NA,NA,NA,NA,1.667,16.658,72,ITS.cc.72
NS,"Kobresia myosuroides, Geum rossii, Artemisia  scopulorum",AMF,"40° 03.379', 105° 35.291'",3530,14.4,5.7,US CO,NA,NA,NA,NA,NA,NA,NA,1.889,25.452,73,ITS.cc.73
NS,"Kobresia myosuroides, Bistorta vivipara",AMF,"40° 03.379', 105° 35.282'",3530,13.2,5.8,US CO,NA,NA,NA,NA,NA,NA,NA,2.895,17.414,74,ITS.cc.74
NS,"Kobresia myosuroides, Artemisia  scopulorum, Carex rupestris",AMF,"40° 03.393', 105° 35.31.293",3530,9.6,5.8,US CO,NA,NA,NA,NA,NA,NA,NA,1.73,20.629,75,ITS.cc.75
NS,"Kobresia myosuroides, Geum rossii, Carex rupestris",AMF,"40° 03.397', 105° 35.300'",3530,9.6,4.7,US CO,NA,NA,NA,NA,NA,NA,NA,1.577,19.298,76,ITS.cc.76
NS,"Kobresia myosuroides, Geum rossii",AMF,"40° 03.399', 105° 35.294'",3530,7.6,5.6,US CO,NA,NA,NA,NA,NA,NA,NA,1.557,16.864,77,ITS.cc.77
NS,"Kobresia myosuroides, Geum rossii, Carex rupestris",AMF,"40° 03.412', 105° 35.265'",3530,13.5,5.6,US CO,NA,NA,NA,NA,NA,NA,NA,0.893,18.185,78,ITS.cc.78
NS,"Kobresia myosuroides, Geum rossii, Artemisia  scopulorum",AMF,"40° 03.418', 105° 35.273'",3530,8.2,5.7,US CO,NA,NA,NA,NA,NA,NA,NA,0.536,23.626,79,ITS.cc.79
NS,"Kobresia myosuroides, Geum rossii, Erigeron simplex",AMF,"40° 03.415', 105° 35.282'",3530,11.9,4.9,US CO,NA,NA,NA,NA,NA,NA,NA,0.416,20.135,80,ITS.cc.80
S,Hesperomeles O,AMF,"4.792977, -75.42548682637863",4024,80,6,Colombia,0.088772846,95.99902953,0.1745502,-28.0998878,2.2632557,51.1291176,22.59095939,1.741,12.078,81,ITS.cc.81
S,Hypericum L,AMF,"4.792977, -75.42548682637863",4024,68,5.9,Colombia,NA,NA,NA,NA,NA,NA,NA,2.211,39.904,82,ITS.cc.82
S,Hesperomeles O,AMF,"4.792977, -75.42548682637863",4024,60,5.9,Colombia,0.400966184,93.8173391,0.108009,-27.4729027,2.3591479,50.2674798,21.30747284,2.425,40.822,83,ITS.cc.83
S,Hesperomeles O,AMF,"4.792977, -75.42548682637863",4024,60,5.8,Colombia,0.069444444,113.3108361,0.2552062,-29.080375,2.3926394,50.8143767,21.2377915,1.846,39.493,84,ITS.cc.84
S,Hesperomeles O,AMF,"4.792977, -75.42548682637863",4024,40,6.8,Colombia,0.591836735,82.27958574,0.0384432,-29.6131604,1.8339806,50.3658301,27.46257518,1.525,23.565,85,ITS.cc.85
S,Hypericum L,AMF,"4.792977, -75.42548682637863",4024,24,6.5,Colombia,NA,NA,NA,NA,NA,NA,NA,0.679,35.551,86,ITS.cc.86
S,Hesperomeles O,AMF,"4.792977, -75.42548682637863",4024,70,5.8,Colombia,0.059508409,115.7056455,-0.2075576,-29.1026588,1.7424318,50.5277409,28.99840378,1.777,27.973,87,ITS.cc.87
S,Hesperomeles O,AMF,"4.792977, -75.42548682637863",4024,80,5.7,Colombia,0.102885822,94.03550166,0.3842558,-27.7595534,2.2619299,51.0529313,22.57051879,2.107,26.796,88,ITS.cc.88
S,Hesperomeles O,AMF,"4.792977, -75.42548682637863",4024,60,5.8,Colombia,0.40969163,93.60725071,0.4679364,-28.2680292,2.3403735,51.4331641,21.97647687,1.442,19.742,89,ITS.cc.89
S,Hesperomeles O,AMF,"4.792977, -75.42548682637863",4024,50,6.2,Colombia,0.089333333,100.202027,-0.0674178,-28.644828,1.7995532,49.8748982,27.7151563,2.111,19.742,90,ITS.cc.90
NS,Calamagrostis E,AMF,"4.792977, -75.42548682637863",4024,80,6.1,Colombia,NA,NA,NA,NA,NA,NA,NA,2.061,31.796,91,ITS.cc.91
NS,Calamagrostis E,AMF,"4.792977, -75.42548682637863",4024,60,5,Colombia,NA,NA,NA,NA,NA,NA,NA,0.4,21.622,92,ITS.cc.92
NS,Calamagrostis E,AMF,"4.792977, -75.42548682637863",4024,57,5.7,Colombia,NA,NA,NA,NA,NA,NA,NA,1.605,24.773,93,ITS.cc.93
NS,Calamagrostis E,AMF,"4.792977, -75.42548682637863",4024,60,6,Colombia,NA,NA,NA,NA,NA,NA,NA,1.857,27.481,94,ITS.cc.94
NS,Calamagrostis E,AMF,"4.792977, -75.42548682637863",4024,52,6.3,Colombia,NA,NA,NA,NA,NA,NA,NA,1.722,26.139,95,ITS.cc.95
NS,Calamagrostis E,AMF,"4.792977, -75.42548682637863",4024,62,6,Colombia,NA,NA,NA,NA,NA,NA,NA,1.81,34.545,96,ITS.cc.96
NS,Calamagrostis E,AMF,"4.792977, -75.42548682637863",4024,70,5.9,Colombia,NA,NA,NA,NA,NA,NA,NA,1.76,35.205,97,ITS.cc.97
NS,Calamagrostis E,AMF,"4.792977, -75.42548682637863",4024,75,5.2,Colombia,NA,NA,NA,NA,NA,NA,NA,0.44,26.028,98,ITS.cc.98
NS,Calamagrostis E,AMF,"4.792977, -75.42548682637863",4024,55,5.8,Colombia,NA,NA,NA,NA,NA,NA,NA,1.741,26.534,99,ITS.cc.99
NS,Calamagrostis E,AMF,"4.792977, -75.42548682637863",4024,60,5.8,Colombia,NA,NA,NA,NA,NA,NA,NA,2.084,32.861,100,ITS.cc.100
S,Chionolaena lavandulifolia,AMF,N 19.064165 W 97.266907,4106,13.5,5.5,Mexico,0.312206573,34.7593985,-3.975764,-26.8654172,2.039692305,48.76475913,23.90789974,0.11,2.032,101,ITS.cc.101
S,Chionolaena lavandulifolia,AMF,N 19.064165 W 97.266908,4107,12.933,5.62,Mexico,0.319534282,33.90688259,-5.23274,-27.869718,1.423289674,49.31748438,34.6503493,0.058,1.105,102,ITS.cc.102
S,Chionolaena lavandulifolia,AMF,N 19.064165 W 97.266909,4108,15.1,5.83,Mexico,0.309341501,36.72772277,-5.3215264,-27.1873604,1.468074781,49.87724267,33.97459265,0.051,1.895,103,ITS.cc.103
S,Chionolaena lavandulifolia,AMF,N 19.064165 W 97.266910,4109,16.467,5.13,Mexico,0.211488251,39.9845679,-5.801372,-26.8846528,1.893318254,49.58752344,26.19080197,0.386,0.559,104,ITS.cc.104
S,Chionolaena lavandulifolia,AMF,N 19.064165 W 97.266911,4110,15.833,5.5,Mexico,0.307877814,32.75718016,-5.367416,-28.188624,1.81748009,49.29734292,27.12400713,0.055,0.805,105,ITS.cc.105
S,Chionolaena lavandulifolia,AMF,N 19.064165 W 97.266912,4111,20.033,5.28,Mexico,0.253546099,38.39160839,-6.0886808,-29.256706,1.120446933,45.70057663,40.78781001,0.095,0.715,106,ITS.cc.106
S,Chionolaena lavandulifolia,AMF,N 19.064165 W 97.266913,4112,14.8,5.68,Mexico,0.227095517,40.75965665,-5.9739568,-28.9256512,1.669604418,47.88511747,28.68051674,0.092,1.287,107,ITS.cc.107
S,Chionolaena lavandulifolia,AMF,N 19.064165 W 97.266914,4113,16.9,5.67,Mexico,0.287826087,35.33836858,-4.9943136,-28.2777152,1.931967901,49.25569132,25.49508783,0.03,0.702,108,ITS.cc.108
S,Chionolaena lavandulifolia,AMF,N 19.064165 W 97.266915,4114,19.597,5.64,Mexico,0.275862069,33.16576087,-4.9753592,-28.9813332,1.428992905,39.22534098,27.44964012,0.008,0.421,109,ITS.cc.109
S,Chionolaena lavandulifolia,AMF,N 19.064165 W 97.266916,4115,16.2,5.9,Mexico,0.261146497,36.89430894,-5.2078,-27.0638476,2.203378623,45.88202534,20.82348665,0.017,0.628,110,ITS.cc.110
NS,Festuca amplissima,AMF,N 19.064165 W 97.266917,4116,5.6,5.04,Mexico,NA,NA,NA,NA,NA,NA,NA,0.414,0.708,111,ITS.cc.111
NS,Festuca amplissima,AMF,N 19.064165 W 97.266918,4117,15.9,5.41,Mexico,NA,NA,NA,NA,NA,NA,NA,0.011,0.901,112,ITS.cc.112
NS,Festuca amplissima,AMF,N 19.064165 W 97.266919,4118,9.5,5.28,Mexico,NA,NA,NA,NA,NA,NA,NA,0.025,1.039,113,ITS.cc.113
NS,Festuca amplissima,AMF,N 19.064165 W 97.266920,4119,6.6,5.08,Mexico,NA,NA,NA,NA,NA,NA,NA,0.68,0.941,114,ITS.cc.114
NS,Festuca amplissima,AMF,N 19.064165 W 97.266921,4120,11.5,5.07,Mexico,NA,NA,NA,NA,NA,NA,NA,0.593,1.217,115,ITS.cc.115
NS,Festuca amplissima,AMF,N 19.064165 W 97.266922,4121,7.1,4.87,Mexico,NA,NA,NA,NA,NA,NA,NA,0.567,0.745,116,ITS.cc.116
NS,Festuca amplissima,AMF,N 19.064165 W 97.266923,4122,10.5,4.94,Mexico,NA,NA,NA,NA,NA,NA,NA,0.519,0.789,117,ITS.cc.117
NS,Festuca amplissima,AMF,N 19.064165 W 97.266924,4123,3.6,4.9,Mexico,NA,NA,NA,NA,NA,NA,NA,0.614,1.052,118,ITS.cc.118
NS,Festuca amplissima,AMF,N 19.064165 W 97.266925,4124,11.5,5.04,Mexico,NA,NA,NA,NA,NA,NA,NA,0.055,1.206,119,ITS.cc.119
NS,Festuca amplissima,AMF,N 19.064165 W 97.266926,4125,12,4.84,Mexico,,,NA,NA,NA,NA,NA,0.061,1.142,120,ITS.cc.120
S,Echinospartum horridum,Nfix,"42.602807, 0.03320727633958942",1935.251,31.2,7.1,Spain Ordesa ,0.49687593,5.748502994,-2.0275735,-26.2224392,2.05062603,50.56602668,24.65882416,1.407,3.361,121,ITS.cc.121
S,Echinospartum horridum,Nfix,"42.602807, 0.03320727633958942",1936.826,34.5,6.1,Spain Ordesa ,0.468551461,8.06779661,-1.3937995,-28.1527944,2.580396735,49.01256747,18.99419838,1.356,4.653,122,ITS.cc.122
S,Echinospartum horridum,Nfix,"42.602807, 0.03320727633958942",1937.528,33.5,7.1,Spain Ordesa ,0.447396015,6.2890625,-1.833256,-29.1422024,1.951155099,48.96730228,25.0965709,0.644,7.52,123,ITS.cc.123
S,Echinospartum horridum,Nfix,"42.602807, 0.03320727633958942",1927.514,31.9,5.9,Spain Ordesa ,0.41314554,8.181818182,-2.096332,-27.5621784,2.488774037,49.1823756,19.76168783,1.172,3.996,124,ITS.cc.124
S,Echinospartum horridum,Nfix,"42.602807, 0.03320727633958942",1927.946,33.8,6.5,Spain Ordesa ,0.51756641,5.463576159,-1.715669,-28.4576936,2.951291469,48.7646026,16.52314016,1.165,4.285,125,ITS.cc.125
S,Echinospartum horridum,Nfix,"42.602807, 0.03320727633958942",1951.934,32.2,7.5,Spain Ordesa ,0.453441296,7.678571429,-2.084374,-27.0503112,2.840948137,49.22274662,17.32616867,0.288,3.353,126,ITS.cc.126
S,Echinospartum horridum,Nfix,"42.602807, 0.03320727633958942",1954.695,30,6.9,Spain Ordesa ,0.447368421,6.470588235,-1.8442175,-28.2254856,2.615253027,49.19094685,18.80924956,0.268,2.789,127,ITS.cc.127
S,Echinospartum horridum,Nfix,"42.602807, 0.03320727633958942",1948.936,37,6.6,Spain Ordesa ,0.458392102,7.476923077,-3.138671,-27.5712648,1.949211595,50.57283809,25.9452787,0.512,5.316,128,ITS.cc.128
S,Echinospartum horridum,Nfix,"42.602807, 0.03320727633958942",1949.481,35.2,7.6,Spain Ordesa ,0.41260745,7.430555556,-3.0420105,-28.9039368,2.296070984,47.66050965,20.75741995,0.47,5.688,129,ITS.cc.129
S,Echinospartum horridum,Nfix,"42.602807, 0.03320727633958942",1949.955,31.4,7.8,Spain Ordesa ,0.433802817,6.796536797,-2.3783415,-28.4607224,2.742491243,48.97123604,17.85647854,0.411,5.162,130,ITS.cc.130
NS,"Linum catharticum, Echium vulgare, Arenaria grandiflora, Agrostis capillaris",AMF,"42.602807, 0.03320727633958942",1897.512,32.2,7.5,Spain Ordesa ,NA,NA,NA,NA,NA,NA,NA,0.512,3.498,131,ITS.cc.131
NS,"Linum catharticum, Echium vulgare, Arenaria grandiflora, Agrostis capillaris",AMF,"42.602807, 0.03320727633958942",1896.525,29.3,7.8,Spain Ordesa ,NA,NA,NA,NA,NA,NA,NA,0.754,7.17,132,ITS.cc.132
NS,"Linum catharticum, Echium vulgare, Arenaria grandiflora, Agrostis capillaris",AMF,"42.602807, 0.03320727633958942",1893.785,28.9,7.6,Spain Ordesa ,NA,NA,NA,NA,NA,NA,NA,0.553,6.108,133,ITS.cc.133
NS,"Linum catharticum, Echium vulgare, Arenaria grandiflora, Agrostis capillaris",AMF,"42.602807, 0.03320727633958942",1885.072,28.3,6.5,Spain Ordesa ,NA,NA,NA,NA,NA,NA,NA,0.614,5.307,134,ITS.cc.134
NS,"Linum catharticum, Echium vulgare, Arenaria grandiflora, Agrostis capillaris",AMF,"42.602807, 0.03320727633958942",1883.816,35.3,7.3,Spain Ordesa ,NA,NA,NA,NA,NA,NA,NA,0.299,2.534,135,ITS.cc.135
NS,"Linum catharticum, Echium vulgare, Arenaria grandiflora, Agrostis capillaris",AMF,"42.602807, 0.03320727633958942",1942.236,39.2,7.3,Spain Ordesa ,NA,NA,NA,NA,NA,NA,NA,0.429,2.934,136,ITS.cc.136
NS,"Linum catharticum, Echium vulgare, Arenaria grandiflora, Agrostis capillaris",AMF,"42.602807, 0.03320727633958942",1934.926,39.8,7,Spain Ordesa ,NA,NA,NA,NA,NA,NA,NA,0.417,4.982,137,ITS.cc.137
NS,"Linum catharticum, Echium vulgare, Arenaria grandiflora, Agrostis capillaris",AMF,"42.602807, 0.03320727633958942",1932.679,43.2,6.8,Spain Ordesa ,NA,NA,NA,NA,NA,NA,NA,0.391,2.505,138,ITS.cc.138
NS,"Linum catharticum, Echium vulgare, Arenaria grandiflora, Agrostis capillaris",AMF,"42.602807, 0.03320727633958942",1930.802,36.8,7.5,Spain Ordesa ,NA,NA,NA,NA,NA,NA,NA,0.36,3.311,139,ITS.cc.139
NS,"Linum catharticum, Echium vulgare, Arenaria grandiflora, Agrostis capillaris",AMF,"42.602807, 0.03320727633958942",1929.482,36.5,7,Spain Ordesa ,NA,NA,NA,NA,NA,NA,NA,0.291,2.522,140,ITS.cc.140
S,Juniperus communis,AMF," 42°35'35.52""N,   1° 4'24.61""E",2100,6.3,6.9,Spain ,0.608333333,57.1964384,-4.09,-24.54,1.54,50.43,32.74675325,0.505,6.62,141,ITS.cc.141
S,Juniperus communis,AMF," 42°35'35.16""N,   1° 4'24.56""E",2100,8.5,6.65,Spain ,0.490476191,52.3978641,-5.35,-26.37,1.13,49.31,43.63716814,1.791,26.629,142,ITS.cc.142
S,Juniperus communis,AMF," 42°35'35.21""N,   1° 4'25.19""E",2100,13.3,6.8,Spain ,0.466666667,60.1329762,-2.76,-24.96,1.52,50.38,33.14473684,1.505,20.495,143,ITS.cc.143
S,Juniperus communis,AMF," 42°35'35.06""N,   1° 4'25.24""E",2100,18.2,6.75,Spain ,0.457142857,71.1751042,-1.95,-26.27,1.29,50.38,39.05426357,0.639,8.996,144,ITS.cc.144
S,Juniperus communis,AMF," 42°35'34.75""N,   1° 4'25.29""E",2100,23,6.4,Spain ,0.43125,68.9223188,-3.47,-26.2,1.19,50.39,42.34453782,0.799,10.331,145,ITS.cc.145
S,Juniperus communis,AMF," 42°35'34.74""N,   1° 4'26.06""E",2100,12.3,6.4,Spain ,0.405263158,75.0735065,-2.95,-24.26,1.71,49.83,29.14035088,0.734,9.639,146,ITS.cc.146
S,Juniperus communis,AMF," 42°35'34.38""N,   1° 4'25.92""E",2100,14.2,6.63,Spain ,0.336,76.8757143,-3.84,-24.88,1.39,50.55,36.36690647,1.302,20.714,147,ITS.cc.147
S,Juniperus communis,AMF," 42°35'34.22""N,   1° 4'25.42""E",2100,11.5,6.75,Spain ,0.35,76.12755181,-3.13,-25.92,1.17,50.68,43.31623932,0.808,10.718,148,ITS.cc.148
S,Juniperus communis,AMF," 42°35'36.10""N,  1° 4'23.68""E",2100,12.2,5.9,Spain ,0.489473684,57.3350538,NA,NA,NA,NA,NA,0.984,13.27,149,ITS.cc.149
S,Juniperus communis,AMF," 42°35'36.19""N,   1° 4'22.95""E",2100,12.6,6,Spain ,0.545833333,50.0248092,NA,NA,NA,NA,NA,1.445,21.341,150,ITS.cc.150
NS,"Festuca gautieri, Hieracium pilosella, Achillea millefolium and Potentilla",AMF," 42°35'35.42""N,   1° 4'24.44""E",2100,7.8,6.1,Spain ,NA,NA,NA,NA,NA,NA,NA,0.924,12.778,151,ITS.cc.151
NS,"Festuca gautieri, Hieracium pilosella, Achillea millefolium and Potentilla",AMF," 42°35'35.14""N,   1° 4'24.73""E",2100,12.4,5.97,Spain ,NA,NA,NA,NA,NA,NA,NA,1.409,18.761,152,ITS.cc.152
NS,"Festuca gautieri, Hieracium pilosella, Achillea millefolium and Potentilla",AMF," 42°35'35.19""N,   1° 4'24.99""E",2100,11.6,6.3,Spain ,NA,NA,NA,NA,NA,NA,NA,1.131,11.567,153,ITS.cc.153
NS,"Festuca gautieri, Hieracium pilosella, Achillea millefolium and Potentilla",AMF," 42°35'34.97""N,   1° 4'25.19""E",2100,6.1,6.5,Spain ,NA,NA,NA,NA,NA,NA,NA,1.21,12.468,154,ITS.cc.154
NS,"Festuca gautieri, Hieracium pilosella, Achillea millefolium and Potentilla",AMF," 42°35'34.77""N,   1° 4'25.46""E",2100,15,6.36,Spain ,NA,NA,NA,NA,NA,NA,NA,1.342,17.71,155,ITS.cc.155
NS,"Festuca gautieri, Hieracium pilosella, Achillea millefolium and Potentilla",AMF," 42°35'34.68""N,   1° 4'26.00""E",2100,11.4,6.6,Spain ,NA,NA,NA,NA,NA,NA,NA,1.074,11.368,156,ITS.cc.156
NS,"Festuca gautieri, Hieracium pilosella, Achillea millefolium and Potentilla",AMF," 42°35'34.42""N,   1° 4'25.81""E",2100,17.3,6.38,Spain ,NA,NA,NA,NA,NA,NA,NA,1.067,11.454,157,ITS.cc.157
NS,"Festuca gautieri, Hieracium pilosella, Achillea millefolium and Potentilla",AMF," 42°35'34.26""N,   1° 4'25.15""E",2100,15,6.28,Spain ,NA,NA,NA,NA,NA,NA,NA,1.09,14.624,158,ITS.cc.158
NS,"Festuca gautieri, Hieracium pilosella, Achillea millefolium and Potentilla",AMF," 42°35'36.09""N,   1° 4'23.50""E",2100,16,6.52,Spain ,NA,NA,NA,NA,NA,NA,NA,0.918,8.121,159,ITS.cc.159
NS,"Festuca gautieri, Hieracium pilosella, Achillea millefolium and Potentilla",AMF," 42°35'36.04""N,   1° 4'22.96""E",2100,18.5,5.97,Spain ,NA,NA,NA,NA,NA,NA,NA,1.151,10.19,160,ITS.cc.160
S,Alnus alnobetula,Nfix," 45.42150, 6.178040",1813.88,21.6,5.54,France ,0.318929426,154.2053446,-2.0953355,-30.4385288,3.951930674,50.59574513,12.80279167,1.529,21.317,161,ITS.cc.161
S,Alnus alnobetula,Nfix," 45.42150, 6.178040",1801.382,18.13333333,5.26,France ,0.3807005,106.023282,-1.546264,-27.9094808,3.249007277,52.35897372,16.11537594,2.16,29.607,162,ITS.cc.162
S,Alnus alnobetula,Nfix," 45.42150, 6.178040",1785.521,21.33333333,4.367,France ,0.303355705,153.9557522,-1.6389385,-29.557148,3.427348283,51.37451753,14.98958182,1.835,26.214,163,ITS.cc.163
S,Alnus alnobetula,Nfix," 45.42150, 6.178040",1774.706,100,5.61,France ,0.347533145,106.3946216,-1.6433752,-30.1810272,2.739113825,49.25090204,17.98059708,1.012,12.168,164,ITS.cc.164
S,Alnus alnobetula,Nfix," 45.42150, 6.178040",1769.178,18.43333333,4.34,France ,0.370651204,132.1540313,-1.6124496,-28.1015576,3.348455861,51.68095603,15.43426528,2.342,27.52,165,ITS.cc.165
S,Alnus alnobetula,Nfix," 45.42150, 6.178040",1769.419,21.96666667,4.43,France ,0.363393041,131.0708215,-1.8169576,-26.6872348,3.105046139,52.3802187,16.86938498,2.384,28.188,166,ITS.cc.166
S,Alnus alnobetula,Nfix," 45.42150, 6.178040",1774.466,40.6,4.17,France ,0.349934683,150.9986001,-1.7341568,-29.783154,3.556588955,51.61276227,14.5118716,2.566,14.097,167,ITS.cc.167
S,Alnus alnobetula,Nfix," 45.42150, 6.178040",1860.022,12.36666667,4.12,France ,0.386982667,92.72394881,-1.3490832,-27.282526,3.549934396,49.81761712,14.03339092,1.158,14.714,168,ITS.cc.168
S,Alnus alnobetula,Nfix," 45.42150, 6.178040",1860.984,19.46666667,4.36,France ,0.337573386,116.6425121,-1.3710304,-26.8158096,3.629788677,50.89700579,14.02203002,0.239,2.927,169,ITS.cc.169
S,Alnus alnobetula,Nfix," 45.42150, 6.178040",1769.899,8.566666667,6.53,France ,0.40344125,110.1178451,-1.2443352,-27.895028,3.249829457,51.83552068,15.95022796,0.449,5.597,170,ITS.cc.170
NS,"Vaccinium myrtillus,  Festuca spp. ",AMF," 45.42150, 6.178040",1813.88,12.13333333,6.36,France ,NA,NA,NA,NA,NA,NA,NA,0.774,11.396,171,ITS.cc.171
NS,"Vaccinium myrtillus,  Festuca spp. ",AMF," 45.42150, 6.178040",1801.382,13.5,6.32,France ,NA,NA,NA,NA,NA,NA,NA,0.901,13.097,172,ITS.cc.172
NS,"Vaccinium myrtillus,  Festuca spp. ",AMF," 45.42150, 6.178040",1785.521,46.46666667,6.37,France ,NA,NA,NA,NA,NA,NA,NA,0.614,6.938,173,ITS.cc.173
NS,"Vaccinium myrtillus,  Festuca spp. ",AMF," 45.42150, 6.178040",1774.706,42.9,6.14,France ,NA,NA,NA,NA,NA,NA,NA,0.903,9.64,174,ITS.cc.174
NS,"Vaccinium myrtillus,  Festuca spp. ",AMF," 45.42150, 6.178040",1769.178,19.33333333,6.27,France ,NA,NA,NA,NA,NA,NA,NA,0.775,11.198,175,ITS.cc.175
NS,"Vaccinium myrtillus,  Festuca spp. ",AMF," 45.42150, 6.178040",1769.419,11.16666667,5.63,France ,NA,NA,NA,NA,NA,NA,NA,2.355,9.207,176,ITS.cc.176
NS,"Vaccinium myrtillus,  Festuca spp. ",AMF," 45.42150, 6.178040",1774.466,26.56666667,5.44,France ,NA,NA,NA,NA,NA,NA,NA,2.379,10.342,177,ITS.cc.177
NS,"Vaccinium myrtillus,  Festuca spp. ",AMF," 45.42150, 6.178040",1860.022,17.93333333,5.45,France ,NA,NA,NA,NA,NA,NA,NA,0.711,9.455,178,ITS.cc.178
NS,"Vaccinium myrtillus,  Festuca spp. ",AMF," 45.42150, 6.178040",1860.984,18.03333333,4.93,France ,NA,NA,NA,NA,NA,NA,NA,1.719,24.264,179,ITS.cc.179
NS,"Vaccinium myrtillus,  Festuca spp. ",AMF," 45.42150, 6.178040",1769.899,12.73333333,6.06,France ,NA,NA,NA,NA,NA,NA,NA,0.481,6.044,180,ITS.cc.180
S,Pinus mugo,"ECM,ERM",50.766785;15.536048,1343.94,3,4.22,Czech Rep ,0.310369573,21.21387283,-5.4482216,-29.0957344,1.163864815,51.44480899,44.2017048,0.507,8.657,181,ITS.cc.181
S,Pinus mugo,"ECM,ERM",50.767235;15.535814,1344.61,3.9,4.79,Czech Rep ,0.43164488,21.35646688,-0.7545136,-28.046888,1.302062057,52.54908416,40.35835611,0.839,14.643,182,ITS.cc.182
S,Pinus mugo,"ECM,ERM",50.768617;15.536593,1358.01,9,4.03,Czech Rep ,0.47954056,20.17964072,-4.938448,-26.2184936,1.542671387,52.57185343,34.07845239,1.661,30.084,183,ITS.cc.183
S,Pinus mugo,"ECM,ERM",50.768521;15.537492,1351.06,8.6,3.59,Czech Rep ,0.615460157,19.23865968,-4.5298315,-27.2896128,1.5475645,51.15855645,50.52960149,0.587,10.306,184,ITS.cc.184
S,Pinus mugo,"ECM,ERM",50.769055; 15.537658,1346.09,10.3,4.24,Czech Rep ,0.6347954,19.90730988,-3.7393328,-27.252154,1.767054509,50.83980959,28.77093454,0.547,7.723,185,ITS.cc.185
S,Pinus mugo,"ECM,ERM",50.769484;15.541361,1346.86,6.5,4.04,Czech Rep ,0.560326531,18.76456876,-3.4239576,-28.6463754,1.392692433,51.39501774,36.90335102,1.608,25.065,186,ITS.cc.186
S,Pinus mugo,"ECM,ERM",50.769407;15.541341,1346.72,6.4,4.01,Czech Rep ,0.552681388,23.26484018,-1.1710202,-27.2923677,1.469612889,52.6091408,35.79795823,0.707,9.868,187,ITS.cc.187
S,Pinus mugo,"ECM,ERM",50.769592;15.543806,1337.33,23.8,4.2,Czech Rep ,0.531012941,19.02521008,-5.2756186,-25.4769271,1.738867439,52.28757274,30.06990158,0.755,9.78,188,ITS.cc.188
S,Pinus mugo,"ECM,ERM",50.769873;15.544448,1329.3,8.7,3.78,Czech Rep ,0.49937578,20.41666667,-4.4161684,-26.4967241,1.465440764,52.21901146,35.63365559,1.469,25.876,189,ITS.cc.189
S,Pinus mugo,"ECM,ERM",50.770306;15.544236,1333.57,22.4,4.09,Czech Rep ,0.602657387,19.34383202,-4.8763386,-26.2574252,1.470429447,52.10898144,35.43793384,0.877,13.62,190,ITS.cc.190
NS,"Calamagrostis villosa, Nardus stricta, Vaccinium uliginosum",AMF,50.766833;15.536058,1342.13,15.3,4.19,Czech Rep ,NA,NA,NA,NA,NA,NA,NA,0.416,5.684,191,ITS.cc.191
NS,"Calamagrostis villosa, Nardus stricta, Vaccinium uliginosum",AMF,50.767256;15.535811,1344.91,10.7,4.13,Czech Rep ,NA,NA,NA,NA,NA,NA,NA,0.714,11.72,192,ITS.cc.192
NS,"Calamagrostis villosa, Nardus stricta, Vaccinium uliginosum",AMF,50.768603;15.536515,1354.28,12.5,4.18,Czech Rep ,NA,NA,NA,NA,NA,NA,NA,0.67,10.038,193,ITS.cc.193
NS,"Calamagrostis villosa, Nardus stricta, Vaccinium uliginosum",AMF,50.768493;15.537486,1347.41,19.4,4.05,Czech Rep ,NA,NA,NA,NA,NA,NA,NA,0.34,4.957,194,ITS.cc.194
NS,"Calamagrostis villosa, Nardus stricta, Vaccinium uliginosum",AMF,50.769048;15.537582,1346.26,44.5,4.17,Czech Rep ,NA,NA,NA,NA,NA,NA,NA,0.713,12.523,195,ITS.cc.195
NS,"Calamagrostis villosa, Nardus stricta, Vaccinium uliginosum",AMF,50.76953;15.541381,1347.22,27.3,3.98,Czech Rep ,NA,NA,NA,NA,NA,NA,NA,0.814,11.875,196,ITS.cc.196
NS,"Calamagrostis villosa, Nardus stricta, Vaccinium uliginosum",AMF,50.769314;15.541395,1345.07,29.4,3.78,Czech Rep ,NA,NA,NA,NA,NA,NA,NA,2.012,31.466,197,ITS.cc.197
NS,"Calamagrostis villosa, Nardus stricta, Vaccinium uliginosum",AMF,50.769548;15.543746,1337.74,18.4,4.03,Czech Rep ,NA,NA,NA,NA,NA,NA,NA,1.422,22.277,198,ITS.cc.198
NS,"Calamagrostis villosa, Nardus stricta, Vaccinium uliginosum",AMF,50.769905;15.544362,1331.35,17,3.94,Czech Rep ,NA,NA,NA,NA,NA,NA,NA,2.176,35.452,199,ITS.cc.199
NS,"Calamagrostis villosa, Nardus stricta, Vaccinium uliginosum",AMF,50.770384;15.544231,1333.84,17.4,3.77,Czech Rep ,NA,NA,NA,NA,NA,NA,NA,0.783,9.391,200,ITS.cc.200
S,Salix lapponum,"ECM,ERM","68.360658, 18.736889",730-750,27.8,6.06,Sweden ,0.198151951,161.0362694,-0.0522032,-28.6269932,5.533403947,49.8374385,9.006651055,1.057,13.633,201,ITS.cc.201
S,Salix lapponum,"ECM,ERM","68.360658, 18.736889",730-750,25.4,6.4,Sweden ,0.194480946,181.2162162,0.0365832,-28.062074,4.031973295,51.12635418,12.68023135,1.772,23.853,202,ITS.cc.202
S,Salix lapponum,"ECM,ERM","68.360658, 18.736889",730-750,26.4,6.24,Sweden ,0.212121212,155.1339286,-0.3415072,-29.2951772,3.623564435,50.75560126,14.00709223,0.997,13.897,203,ITS.cc.203
S,Salix lapponum,"ECM,ERM","68.360658, 18.736889",730-750,25.3,6.28,Sweden ,0.213556175,142.3913043,-0.135004,-28.7383572,4.067186372,50.66862942,12.45790696,1.054,13.443,204,ITS.cc.204
S,Salix lapponum,"ECM,ERM","68.360658, 18.736889",730-750,31.7,6.3,Sweden ,0.206624606,151.4122137,0.0425688,-28.8780684,3.67673897,51.04069427,13.88205545,1.16,15.772,205,ITS.cc.205
S,Salix lapponum,"ECM,ERM","68.360658, 18.736889",730-750,29.4,5.23,Sweden ,0.2,175.6741573,-0.0831288,-27.9183132,5.765058792,49.26254746,8.54502083,1.064,14.494,206,ITS.cc.206
S,Salix lapponum,"ECM,ERM","68.360658, 18.736889",730-750,24.8,5.75,Sweden ,0.247715736,141.7418033,-0.3026008,-29.3032764,3.902759641,51.55845344,13.21076832,0.854,14.753,207,ITS.cc.207
S,Salix lapponum,"ECM,ERM","68.360658, 18.736889",730-750,24.8,5.7,Sweden ,0.20794702,152.133758,0.4396136,-28.0104416,3.388795989,52.12950277,15.38289792,1.783,29.371,208,ITS.cc.208
NS,"Trollius europaeus, Geranium sylvaticum, Solidago virgaurea, Cornus suecica, Deschampsia",AMF,"68.360658, 18.736889",730-750,37.7,6.17,Sweden ,NA,NA,NA,NA,NA,NA,NA,0.587,6.849,209,ITS.cc.209
NS,"Trollius europaeus, Geranium sylvaticum, Solidago virgaurea, Cornus suecica, Deschampsia",AMF,"68.360658, 18.736889",730-750,29.4,6.53,Sweden ,NA,NA,NA,NA,NA,NA,NA,0.833,10.871,210,ITS.cc.210
NS,"Trollius europaeus, Geranium sylvaticum, Solidago virgaurea, Cornus suecica, Deschampsia",AMF,"68.360658, 18.736889",730-750,25.3,6.42,Sweden ,NA,NA,NA,NA,NA,NA,NA,1.096,15.992,211,ITS.cc.211
NS,"Trollius europaeus, Geranium sylvaticum, Solidago virgaurea, Cornus suecica, Deschampsia",AMF,"68.360658, 18.736889",730-750,27.5,6.51,Sweden ,NA,NA,NA,NA,NA,NA,NA,1.241,15.493,212,ITS.cc.212
NS,"Trollius europaeus, Geranium sylvaticum, Solidago virgaurea, Cornus suecica, Deschampsia",AMF,"68.360658, 18.736889",730-750,32.4,5.9,Sweden ,NA,NA,NA,NA,NA,NA,NA,0.762,10.217,213,ITS.cc.213
NS,"Trollius europaeus, Geranium sylvaticum, Solidago virgaurea, Cornus suecica, Deschampsia",AMF,"68.360658, 18.736889",730-750,31.7,5.62,Sweden ,NA,NA,NA,NA,NA,NA,NA,0.896,12.303,214,ITS.cc.214
NS,"Trollius europaeus, Geranium sylvaticum, Solidago virgaurea, Cornus suecica, Deschampsia",AMF,"68.360658, 18.736889",730-750,25.2,5.68,Sweden ,NA,NA,NA,NA,NA,NA,NA,0.854,11.73,215,ITS.cc.215
NS,"Trollius europaeus, Geranium sylvaticum, Solidago virgaurea, Cornus suecica, Deschampsia",AMF,"68.360658, 18.736889",730-750,36.1,5.43,Sweden ,NA,NA,NA,NA,NA,NA,NA,0.781,11.414,216,ITS.cc.216
S,Potentilla fruticosa,AMF,"33.665536, 101.866347",3506,42.7,6.8,China,,131.2,,,,,,0.135204941,2.924132586,217,ITS.cc.217
S,Potentilla fruticosa,AMF,"33.665536, 101.866348",3506,43.8,7.6,China,,128.7,,,,,,0.252642721,3.852763414,218,ITS.cc.218
S,Potentilla fruticosa,AMF,"33.665536, 101.866349",3506,44.5,7.6,China,,130.8,,,,,,0.566409647,7.62853384,219,ITS.cc.219
S,Potentilla fruticosa,AMF,"33.665536, 101.866350",3506,45.1,7.1,China,,131.3,,,,,,0.160825297,2.865310431,220,ITS.cc.220
S,Potentilla fruticosa,AMF,"33.665536, 101.866351",3506,45.6,6.1,China,,130.1,,,,,,0.214781642,3.274908543,221,ITS.cc.221
S,Potentilla fruticosa,AMF,"33.665536, 101.866352",3506,46.3,6.4,China,,129.4,,,,,,0.473723501,6.276756287,222,ITS.cc.222
S,Potentilla fruticosa,AMF,"33.665536, 101.866353",3506,47.3,6.8,China,,128.8,,,,,,0.095264345,2.068910599,223,ITS.cc.223
S,Potentilla fruticosa,AMF,"33.665536, 101.866354",3506,48.1,6.8,China,,127.2,,,,,,0.771380246,9.869379044,224,ITS.cc.224
S,Potentilla fruticosa,AMF,"33.665536, 101.866355",3506,48.7,6.8,China,,127.6,,,,,,0.824367404,11.42596817,225,ITS.cc.225
S,Potentilla fruticosa,AMF,"33.665536, 101.866356",3506,49.6,6.8,China,,128.9,,,,,,0.880058885,12.14098263,226,ITS.cc.226
NS,"Agrostis trinii, Carex atrofusca, Koeleria cristata, Potentilla anserina ",AMF,"33.665536, 101.866357",3506,53.2,8.8,China,NA,NA,NA,NA,NA,NA,NA,0.539997697,7.791235447,227,ITS.cc.227
NS,"Agrostis trinii, Carex atrofusca, Koeleria cristata, Potentilla anserina ",AMF,"33.665536, 101.866358",3506,53.7,8.9,China,NA,NA,NA,NA,NA,NA,NA,0.461035341,7.674352646,228,ITS.cc.228
NS,"Agrostis trinii, Carex atrofusca, Koeleria cristata, Potentilla anserina ",AMF,"33.665536, 101.866359",3506,53.7,8.9,China,NA,NA,NA,NA,NA,NA,NA,0.355725974,6.241310596,229,ITS.cc.229
NS,"Agrostis trinii, Carex atrofusca, Koeleria cristata, Potentilla anserina ",AMF,"33.665536, 101.866360",3506,54.2,9.1,China,NA,NA,NA,NA,NA,NA,NA,0.1824743,3.822002172,230,ITS.cc.230
NS,"Agrostis trinii, Carex atrofusca, Koeleria cristata, Potentilla anserina ",AMF,"33.665536, 101.866361",3506,53.6,8.9,China,NA,NA,NA,NA,NA,NA,NA,0.159658849,3.748466253,231,ITS.cc.231
NS,"Agrostis trinii, Carex atrofusca, Koeleria cristata, Potentilla anserina ",AMF,"33.665536, 101.866362",3506,53.3,8.9,China,NA,NA,NA,NA,NA,NA,NA,0.239585578,4.751506329,232,ITS.cc.232
NS,"Agrostis trinii, Carex atrofusca, Koeleria cristata, Potentilla anserina ",AMF,"33.665536, 101.866363",3506,52.4,9,China,NA,NA,NA,NA,NA,NA,NA,0.145700812,3.323760271,233,ITS.cc.233
NS,"Agrostis trinii, Carex atrofusca, Koeleria cristata, Potentilla anserina ",AMF,"33.665536, 101.866364",3506,52.5,9,China,NA,NA,NA,NA,NA,NA,NA,0.213898256,4.438272953,234,ITS.cc.234
NS,"Agrostis trinii, Carex atrofusca, Koeleria cristata, Potentilla anserina ",AMF,"33.665536, 101.866365",3506,51.9,8.8,China,NA,NA,NA,NA,NA,NA,NA,0.158442676,3.433124542,235,ITS.cc.235
NS,"Agrostis trinii, Carex atrofusca, Koeleria cristata, Potentilla anserina ",AMF,"33.665536, 101.866366",3506,51,8.9,China,NA,NA,NA,NA,NA,NA,NA,0.221980438,4.343776226,236,ITS.cc.236
NS,"Koeleria Macrantha, eriogonum ovalifolium",AMF,"37.5764474273, -118.24091116 ",3750,6.6,6.3,US CA,NA,NA,NA,NA,NA,NA,NA,0.279,3.278,237,ITS.cc.237
NS,"Koeleria Macrantha, eriogonum ovalifolium",AMF,"37.5764474273, -118.24091117",3750,6.6,6.3,US CA,NA,NA,NA,NA,NA,NA,NA,0.311,3.696,238,ITS.cc.238
NS,"Koeleria Macrantha, eriogonum ovalifolium",AMF,"37.5764474273, -118.24091118",3750,6.1,6.31,US CA,NA,NA,NA,NA,NA,NA,NA,0.37,4.408,239,ITS.cc.239
NS,"Koeleria Macrantha, eriogonum ovalifolium",AMF,"37.5764474273, -118.24091119",3750,6.1,6.31,US CA,NA,NA,NA,NA,NA,NA,NA,0.524,4.197,240,ITS.cc.240
NS,"Koeleria Macrantha, eriogonum ovalifolium",AMF,"37.5764474273, -118.24091120",3750,7.5,5.86,US CA,NA,NA,NA,NA,NA,NA,NA,0.207,3.431,241,ITS.cc.241
NS,"Koeleria Macrantha, eriogonum ovalifolium",AMF,"37.5764474273, -118.24091121",3750,7.5,5.86,US CA,NA,NA,NA,NA,NA,NA,NA,0.368,2.755,242,ITS.cc.242
NS,"Koeleria Macrantha, eriogonum ovalifolium",AMF,"37.5764474273, -118.24091122",3750,5.4,7.1,US CA,NA,NA,NA,NA,NA,NA,NA,0.341,2.151,243,ITS.cc.243
NS,"Koeleria Macrantha, eriogonum ovalifolium",AMF,"37.5764474273, -118.24091123",3750,5.4,7.1,US CA,NA,NA,NA,NA,NA,NA,NA,0.111,2.107,244,ITS.cc.244
NS,"Koeleria Macrantha, eriogonum ovalifolium",AMF,"37.5764474273, -118.24091124",3750,5.3,5.2,US CA,NA,NA,NA,NA,NA,NA,NA,0.173,2.915,245,ITS.cc.245
NS,"Koeleria Macrantha, eriogonum ovalifolium",AMF,"37.5764474273, -118.24091125",3750,5.3,5.2,US CA,NA,NA,NA,NA,NA,NA,NA,0.191,2.37,246,ITS.cc.246
S,Artemisia rothrockii ,AMF,"37.5764474273, -118.24091126",3750,5.8,6.27,US CA,0.301477833,85.02465314,1.2855866,-28.5678476,2.0688699,46.7278606,22.58617644,0.249,3.105,247,ITS.cc.247
S,Artemisia rothrockii ,AMF,"37.5764474273, -118.24091127",3750,5.8,6.27,US CA,0.356481481,84.09660515,2.2423684,-28.0907717,2.1667325,48.4158742,22.34510914,0.219,3.357,248,ITS.cc.248
S,Artemisia rothrockii ,AMF,"37.5764474273, -118.24091128",3750,6.3,5.89,US CA,0.358299595,54.70314204,0.8621426,-27.6592763,2.0460887,47.323646,23.12883405,0.299,4.991,249,ITS.cc.249
S,Artemisia rothrockii ,AMF,"37.5764474273, -118.24091129",3750,6.3,5.89,US CA,0.34765625,70.75694855,1.3702754,-27.9540302,2.6138726,47.8012788,18.28753199,0.266,3.289,250,ITS.cc.250
S,Artemisia rothrockii ,AMF,"37.5764474273, -118.24091130",3750,5.4,5.88,US CA,0.350367647,62.98669023,1.3218818,-28.0299977,2.4751484,47.4799457,19.18266626,0.122,2.315,251,ITS.cc.251
S,Artemisia rothrockii ,AMF,"37.5764474273, -118.24091131",3750,5.4,5.88,US CA,0.232142857,98.71794872,2.0014086,-27.6633279,2.3731019,47.9264454,20.19569636,0.114,2.417,252,ITS.cc.252
S,Artemisia rothrockii ,AMF,"37.5764474273, -118.24091132",3750,8.1,6.25,US CA,0.240748031,74.58650715,1.4499232,-25.9251915,2.6638276,47.1401988,17.69641504,0.2,2.96,253,ITS.cc.253
S,Artemisia rothrockii ,AMF,"37.5764474273, -118.24091133",3750,8.1,6.25,US CA,0.304651163,89.5607339,2.396623,-27.7605663,2.5776405,47.8119749,18.54873668,0.416,6.159,254,ITS.cc.254
S,Artemisia rothrockii ,AMF,"37.5764474273, -118.24091134",3750,5.7,5.69,US CA,0.245374449,94.41242244,1.0879794,-27.4415028,2.4473917,49.0185771,20.02890551,0.089,2.305,255,ITS.cc.255
S,Artemisia rothrockii ,AMF,"37.5764474273, -118.24091135",3750,5.7,5.69,US CA,0.292631579,65.94724221,2.1657452,-27.9428883,2.3443265,46.8288714,19.97540505,0.267,2.783,256,ITS.cc.256
