site,veg,site.veg,plant.species,root microb,coord.X,coord.Y,elevation,VWC,pH,Tube,SampleID,soilN2,soilC2
Switzerland,S,Switzerland.S,Alnus viridis,Nfix,8.634943,46.6211,1638,51,5.79,1,ITS.cc.1,0.301,4.857
Switzerland,S,Switzerland.S,Alnus viridis,Nfix,8.634943,46.6211,1585,28,4.82,2,ITS.cc.2,0.36,4.643
Switzerland,S,Switzerland.S,Alnus viridis,Nfix,8.634943,46.6211,1560,36,4.69,3,ITS.cc.3,0.775,9.346
Switzerland,S,Switzerland.S,Alnus viridis,Nfix,8.634943,46.6211,1558,35,5.29,4,ITS.cc.4,0.216,4.727
Switzerland,S,Switzerland.S,Alnus viridis,Nfix,8.634943,46.6211,1587,26,5.43,5,ITS.cc.5,0.137,3.301
Switzerland,S,Switzerland.S,Alnus viridis,Nfix,8.634943,46.6211,1597,37,5.19,6,ITS.cc.6,0.297,3.589
Switzerland,S,Switzerland.S,Alnus viridis,Nfix,8.634943,46.6211,1605,43,5.51,7,ITS.cc.7,0.322,5.547
Switzerland,S,Switzerland.S,Alnus viridis,Nfix,8.634943,46.6211,1606,46,6.6,8,ITS.cc.8,0.73,10.466
Switzerland,S,Switzerland.S,Alnus viridis,Nfix,8.634943,46.6211,1625,42,4.82,9,ITS.cc.9,0.733,8.336
Switzerland,S,Switzerland.S,Alnus viridis,Nfix,8.634943,46.6211,1627,69,5.5,10,ITS.cc.10,0.153,8.257
Switzerland,NS,Switzerland.NS,Euphrasia montana,AMF,8.634943,46.6211,1638,36,5.13,11,ITS.cc.11,0.376,4.936
Switzerland,NS,Switzerland.NS,Euphrasia montana,AMF,8.634943,46.6211,1586,47,5.51,12,ITS.cc.12,0.566,4.941
Switzerland,NS,Switzerland.NS,Euphrasia montana,AMF,8.634943,46.6211,1556,36,5.36,13,ITS.cc.13,0.207,5.089
Switzerland,NS,Switzerland.NS,Euphrasia montana,AMF,8.634943,46.6211,1559,61,5.89,14,ITS.cc.14,0.452,4.849
Switzerland,NS,Switzerland.NS,Euphrasia montana,AMF,8.634943,46.6211,1587,38,5.4,15,ITS.cc.15,0.375,3.198
Switzerland,NS,Switzerland.NS,Euphrasia montana,AMF,8.634943,46.6211,1596,42,5.42,16,ITS.cc.16,0.45,6.805
Switzerland,NS,Switzerland.NS,Euphrasia montana,AMF,8.634943,46.6211,1601,44,5.36,17,ITS.cc.17,0.811,5.143
Switzerland,NS,Switzerland.NS,Euphrasia montana,AMF,8.634943,46.6211,1605,40,5.7,18,ITS.cc.18,0.236,3.494
Switzerland,NS,Switzerland.NS,Alchemilla alpina,AMF,8.634943,46.6211,1626,44,5.31,19,ITS.cc.19,0.227,4.485
Switzerland,NS,Switzerland.NS,Alchemilla xanthichlore,AMF,8.634943,46.6211,1625,68,5.36,20,ITS.cc.20,1.052,10.943
Japan,S,Japan.S,Sasa kurilensis,AMF,142.901103,43.563258,1781,40,6.6,21,ITS.cc.21,1.644,18.513
Japan,S,Japan.S,Sasa kurilensis,AMF,142.901103,43.563258,1780,58,6.8,22,ITS.cc.22,0.414,16.618
Japan,S,Japan.S,Sasa kurilensis,AMF,142.901103,43.563258,1771,50,6.3,23,ITS.cc.23,0.64,15.43
Japan,S,Japan.S,Sasa kurilensis,AMF,142.901103,43.563258,1766,58,6.2,24,ITS.cc.24,1.344,13.7
Japan,S,Japan.S,Sasa kurilensis,AMF,142.901103,43.563258,1763,53,6.4,25,ITS.cc.25,0.8,10.357
Japan,S,Japan.S,Sasa kurilensis,AMF,142.901103,43.563258,1773,57,6.2,26,ITS.cc.26,1.467,11.588
Japan,S,Japan.S,Sasa kurilensis,AMF,142.901103,43.563258,1774,58,6.4,27,ITS.cc.27,0.679,13.448
Japan,S,Japan.S,Sasa kurilensis,AMF,142.901103,43.563258,1774,58,6.6,28,ITS.cc.28,1.126,11.812
Japan,S,Japan.S,Sasa kurilensis,AMF,142.901103,43.563258,1767,40,6.4,29,ITS.cc.29,1.587,13.227
Japan,S,Japan.S,Sasa kurilensis,AMF,142.901103,43.563258,1767,38,6.6,30,ITS.cc.30,1.272,11.777
Japan,NS,Japan.NS,Juncus beringensis,AMF,142.901103,43.563258,1781,78,6.8,31,ITS.cc.31,0.537,7.618
Japan,NS,Japan.NS,Scirpus maximowiczii,AMF,142.901103,43.563258,1780,83,6.8,32,ITS.cc.32,0.373,5.54
Japan,NS,Japan.NS,Scirpus maximowiczii,AMF,142.901103,43.563258,1771,60,6.6,33,ITS.cc.33,1.881,33.21
Japan,NS,Japan.NS,Calamagrostis langsdorffii,AMF,142.901103,43.563258,1766,76,6.4,34,ITS.cc.34,1.458,22.64
Japan,NS,Japan.NS,Deschampsia caespitosa,AMF,142.901103,43.563258,1763,64,6.7,35,ITS.cc.35,0.974,16.35
Japan,NS,Japan.NS,Calamagrostis langsdorffii,AMF,142.901103,43.563258,1773,50,6,36,ITS.cc.36,1.164,11.738
Japan,NS,Japan.NS,Deschampsia caespitosa,AMF,142.901103,43.563258,1774,57,6.6,37,ITS.cc.37,1.542,12.955
Japan,NS,Japan.NS,Deschampsia caespitosa,AMF,142.901103,43.563258,1774,65,6.8,38,ITS.cc.38,0.475,9.826
Japan,NS,Japan.NS,Calamagrostis langsdorffii,AMF,142.901103,43.563258,1767,47,6,39,ITS.cc.39,0.564,13.154
Japan,NS,Japan.NS,Calamagrostis langsdorffii,AMF,142.901103,43.563258,1767,41,6.6,40,ITS.cc.40,0.614,12.39
Italy,S,Italy.S,Rhododendron ferrugineum,ECM.ERM,10.59194444,46.6736111,2344,36.03,3.85,41,ITS.cc.41,1.015,6.922
Italy,S,Italy.S,Rhododendron ferrugineum,ECM.ERM,10.59194444,46.6736111,2344,43.46,3.79,42,ITS.cc.42,4.574,8.521
Italy,S,Italy.S,Rhododendron ferrugineum,ECM.ERM,10.59194444,46.6736111,2349,23.07,4.29,43,ITS.cc.43,4.565,10.848
Italy,S,Italy.S,Rhododendron ferrugineum,ECM.ERM,10.59194444,46.6736111,2353,52.35,3.86,44,ITS.cc.44,0.631,7.268
Italy,S,Italy.S,Rhododendron ferrugineum,ECM.ERM,10.59194444,46.6736111,2337,22.23,4.6,45,ITS.cc.45,1.095,5.955
Italy,S,Italy.S,Rhododendron ferrugineum,ECM.ERM,10.59194444,46.6736111,2355,34.12,3.65,46,ITS.cc.46,2.4,14.126
Italy,S,Italy.S,Rhododendron ferrugineum,ECM.ERM,10.59194444,46.6736111,2359,37.81,4.19,47,ITS.cc.47,2.825,9.58
Italy,S,Italy.S,Rhododendron ferrugineum,ECM.ERM,10.59194444,46.6736111,2369,45.14,3.71,48,ITS.cc.48,1.277,24.124
Italy,S,Italy.S,Rhododendron ferrugineum,ECM.ERM,10.59194444,46.6736111,2380,58.36,3.95,49,ITS.cc.49,1.572,5.575
Italy,S,Italy.S,Rhododendron ferrugineum,ECM.ERM,10.59194444,46.6736111,2386,35.76,3.72,50,ITS.cc.50,2.981,11.557
Italy,NS,Italy.NS,Nardus stricta,AMF,10.59194444,46.6736111,2344,57.28,3.72,51,ITS.cc.51,4.838,10.161
Italy,NS,Italy.NS,Nardus stricta,AMF,10.59194444,46.6736111,2337,31.23,4.68,52,ITS.cc.52,2.469,11.158
Italy,NS,Italy.NS,Luzula alpino,AMF,10.59194444,46.6736111,2349,23.59,4.32,53,ITS.cc.53,3.122,6.767
Italy,NS,Italy.NS,Nardus stricta,AMF,10.59194444,46.6736111,2350,53.86,3.81,54,ITS.cc.54,7.458,19.217
Italy,NS,Italy.NS,Nardus stricta,AMF,10.59194444,46.6736111,2344,18.36,4.58,55,ITS.cc.55,0.889,6.146
Italy,NS,Italy.NS,Agrostis rupestris,AMF,10.59194444,46.6736111,2343,30.02,3.98,56,ITS.cc.56,2.595,11.666
Italy,NS,Italy.NS,Homogyne alpina,AMF,10.59194444,46.6736111,2359,22.69,4.08,57,ITS.cc.57,2.413,8.044
Italy,NS,Italy.NS,Nardus stricta,AMF,10.59194444,46.6736111,2370,38.76,3.73,58,ITS.cc.58,0.759,12.185
Italy,NS,Italy.NS,Poa alpina,AMF,10.59194444,46.6736111,2380,45.15,3.96,59,ITS.cc.59,3.031,12.525
Italy,NS,Italy.NS,Nardus stricta,AMF,10.59194444,46.6736111,2389,28.9,3.67,60,ITS.cc.60,1.885,10.459
US CO,S,US CO.S,Salix glauca,AMF,-105.6703,40.1536,3530,10,7.7,61,ITS.cc.61,0.707,26.781
US CO,S,US CO.S,Salix glauca,AMF,-105.6704,40.1536,3530,8.5,6.4,62,ITS.cc.62,0.393,28.174
US CO,S,US CO.S,Salix glauca,AMF,-105.6705,40.1536,3530,13,6.1,63,ITS.cc.63,0.36,19.173
US CO,S,US CO.S,Salix glauca,AMF,-105.6706,40.1536,3530,9.5,5.7,64,ITS.cc.64,2.013,28.254
US CO,S,US CO.S,Salix glauca,AMF,-105.6707,40.1536,3530,6.6,5.3,65,ITS.cc.65,1.681,21.147
US CO,S,US CO.S,Salix glauca,AMF,-105.6708,40.1536,3530,8.6,5.6,66,ITS.cc.66,0.995,26.577
US CO,S,US CO.S,Salix glauca,AMF,-105.6709,40.1536,3530,8.6,5.2,67,ITS.cc.67,0.426,26.076
US CO,S,US CO.S,Salix glauca,AMF,-105.671,40.1536,3530,16.9,5.5,68,ITS.cc.68,1.594,21.278
US CO,S,US CO.S,Salix glauca,AMF,-105.6711,40.1536,3530,6.9,5.1,69,ITS.cc.69,1.688,24.066
US CO,S,US CO.S,Salix glauca,AMF,-105.6712,40.1536,3530,7.9,5.6,70,ITS.cc.70,1.035,12
US CO,NS,US CO.NS,Kobresia myosuroides,AMF,-105.6713,40.1536,3530,13.9,7.1,71,ITS.cc.71,0.563,18.329
US CO,NS,US CO.NS,Kobresia myosuroides,AMF,-105.6714,40.1536,3530,15.4,5.9,72,ITS.cc.72,1.667,16.658
US CO,NS,US CO.NS,Kobresia myosuroides,AMF,-105.6715,40.1536,3530,14.4,5.7,73,ITS.cc.73,1.889,25.452
US CO,NS,US CO.NS,Kobresia myosuroides,AMF,-105.6716,40.1536,3530,13.2,5.8,74,ITS.cc.74,2.895,17.414
US CO,NS,US CO.NS,Kobresia myosuroides,AMF,-105.6717,40.1536,3530,9.6,5.8,75,ITS.cc.75,1.73,20.629
US CO,NS,US CO.NS,Kobresia myosuroides,AMF,-105.6718,40.1536,3530,9.6,4.7,76,ITS.cc.76,1.577,19.298
US CO,NS,US CO.NS,Kobresia myosuroides,AMF,-105.6719,40.1536,3530,7.6,5.6,77,ITS.cc.77,1.557,16.864
US CO,NS,US CO.NS,Kobresia myosuroides,AMF,-105.672,40.1536,3530,13.5,5.6,78,ITS.cc.78,0.893,18.185
US CO,NS,US CO.NS,Kobresia myosuroides,AMF,-105.6721,40.1536,3530,8.2,5.7,79,ITS.cc.79,0.536,23.626
US CO,NS,US CO.NS,Kobresia myosuroides,AMF,-105.6722,40.1536,3530,11.9,4.9,80,ITS.cc.80,0.416,20.135
Colombia,S,Colombia.S,Hesperomeles obtusifolia,AMF,-75.42548683,4.792977,4024,80,6,81,ITS.cc.81,1.741,12.078
Colombia,S,Colombia.S,Hypericum L,AMF,-75.42548683,4.792977,4024,68,5.9,82,ITS.cc.82,2.211,39.904
Colombia,S,Colombia.S,Hesperomeles obtusifolia,AMF,-75.42548683,4.792977,4024,60,5.9,83,ITS.cc.83,2.425,40.822
Colombia,S,Colombia.S,Hesperomeles obtusifolia,AMF,-75.42548683,4.792977,4024,60,5.8,84,ITS.cc.84,1.846,39.493
Colombia,S,Colombia.S,Hesperomeles obtusifolia,AMF,-75.42548683,4.792977,4024,40,6.8,85,ITS.cc.85,1.525,23.565
Colombia,S,Colombia.S,Hypericum L,AMF,-75.42548683,4.792977,4024,24,6.5,86,ITS.cc.86,0.679,35.551
Colombia,S,Colombia.S,Hesperomeles obtusifolia,AMF,-75.42548683,4.792977,4024,70,5.8,87,ITS.cc.87,1.777,27.973
Colombia,S,Colombia.S,Hesperomeles obtusifolia,AMF,-75.42548683,4.792977,4024,80,5.7,88,ITS.cc.88,2.107,26.796
Colombia,S,Colombia.S,Hesperomeles obtusifolia,AMF,-75.42548683,4.792977,4024,60,5.8,89,ITS.cc.89,1.442,19.742
Colombia,S,Colombia.S,Hesperomeles obtusifolia,AMF,-75.42548683,4.792977,4024,50,6.2,90,ITS.cc.90,2.111,19.742
Colombia,NS,Colombia.NS,Calamagrostis E,AMF,-75.42548683,4.792977,4024,80,6.1,91,ITS.cc.91,2.061,31.796
Colombia,NS,Colombia.NS,Calamagrostis E,AMF,-75.42548683,4.792977,4024,60,5,92,ITS.cc.92,0.4,21.622
Colombia,NS,Colombia.NS,Calamagrostis E,AMF,-75.42548683,4.792977,4024,57,5.7,93,ITS.cc.93,1.605,24.773
Colombia,NS,Colombia.NS,Calamagrostis E,AMF,-75.42548683,4.792977,4024,60,6,94,ITS.cc.94,1.857,27.481
Colombia,NS,Colombia.NS,Calamagrostis E,AMF,-75.42548683,4.792977,4024,52,6.3,95,ITS.cc.95,1.722,26.139
Colombia,NS,Colombia.NS,Calamagrostis E,AMF,-75.42548683,4.792977,4024,62,6,96,ITS.cc.96,1.81,34.545
Colombia,NS,Colombia.NS,Calamagrostis E,AMF,-75.42548683,4.792977,4024,70,5.9,97,ITS.cc.97,1.76,35.205
Colombia,NS,Colombia.NS,Calamagrostis E,AMF,-75.42548683,4.792977,4024,75,5.2,98,ITS.cc.98,0.44,26.028
Colombia,NS,Colombia.NS,Calamagrostis E,AMF,-75.42548683,4.792977,4024,55,5.8,99,ITS.cc.99,1.741,26.534
Colombia,NS,Colombia.NS,Calamagrostis E,AMF,-75.42548683,4.792977,4024,60,5.8,100,ITS.cc.100,2.084,32.861
Mexico,S,Mexico.S,Chionolaena lavandulifolia,AMF,-97.266907,19.064165,4106,13.5,5.5,101,ITS.cc.101,0.11,2.032
Mexico,S,Mexico.S,Chionolaena lavandulifolia,AMF,-97.266908,19.064165,4107,12.933,5.62,102,ITS.cc.102,0.058,1.105
Mexico,S,Mexico.S,Chionolaena lavandulifolia,AMF,-97.266909,19.064165,4108,15.1,5.83,103,ITS.cc.103,0.051,1.895
Mexico,S,Mexico.S,Chionolaena lavandulifolia,AMF,-97.26691,19.064165,4109,16.467,5.13,104,ITS.cc.104,0.386,0.559
Mexico,S,Mexico.S,Chionolaena lavandulifolia,AMF,-97.266911,19.064165,4110,15.833,5.5,105,ITS.cc.105,0.055,0.805
Mexico,S,Mexico.S,Chionolaena lavandulifolia,AMF,-97.266912,19.064165,4111,20.033,5.28,106,ITS.cc.106,0.095,0.715
Mexico,S,Mexico.S,Chionolaena lavandulifolia,AMF,-97.266913,19.064165,4112,14.8,5.68,107,ITS.cc.107,0.092,1.287
Mexico,S,Mexico.S,Chionolaena lavandulifolia,AMF,-97.266914,19.064165,4113,16.9,5.67,108,ITS.cc.108,0.03,0.702
Mexico,S,Mexico.S,Chionolaena lavandulifolia,AMF,-97.266915,19.064165,4114,19.597,5.64,109,ITS.cc.109,0.008,0.421
Mexico,S,Mexico.S,Chionolaena lavandulifolia,AMF,-97.266916,19.064165,4115,16.2,5.9,110,ITS.cc.110,0.017,0.628
Mexico,NS,Mexico.NS,Festuca amplissima,AMF,-97.266917,19.064165,4116,5.6,5.04,111,ITS.cc.111,0.414,0.708
Mexico,NS,Mexico.NS,Festuca amplissima,AMF,-97.266918,19.064165,4117,15.9,5.41,112,ITS.cc.112,0.011,0.901
Mexico,NS,Mexico.NS,Festuca amplissima,AMF,-97.266919,19.064165,4118,9.5,5.28,113,ITS.cc.113,0.025,1.039
Mexico,NS,Mexico.NS,Festuca amplissima,AMF,-97.26692,19.064165,4119,6.6,5.08,114,ITS.cc.114,0.68,0.941
Mexico,NS,Mexico.NS,Festuca amplissima,AMF,-97.266921,19.064165,4120,11.5,5.07,115,ITS.cc.115,0.593,1.217
Mexico,NS,Mexico.NS,Festuca amplissima,AMF,-97.266922,19.064165,4121,7.1,4.87,116,ITS.cc.116,0.567,0.745
Mexico,NS,Mexico.NS,Festuca amplissima,AMF,-97.266923,19.064165,4122,10.5,4.94,117,ITS.cc.117,0.519,0.789
Mexico,NS,Mexico.NS,Festuca amplissima,AMF,-97.266924,19.064165,4123,3.6,4.9,118,ITS.cc.118,0.614,1.052
Mexico,NS,Mexico.NS,Festuca amplissima,AMF,-97.266925,19.064165,4124,11.5,5.04,119,ITS.cc.119,0.055,1.206
Mexico,NS,Mexico.NS,Festuca amplissima,AMF,-97.266926,19.064165,4125,12,4.84,120,ITS.cc.120,0.061,1.142
Spain Ordesa,S,Spain Ordesa.S,Echinospartum horridum,Nfix,0.033207276,42.602807,1935.251,31.2,7.1,121,ITS.cc.121,1.407,3.361
Spain Ordesa,S,Spain Ordesa.S,Echinospartum horridum,Nfix,0.033207276,42.602807,1936.826,34.5,6.1,122,ITS.cc.122,1.356,4.653
Spain Ordesa,S,Spain Ordesa.S,Echinospartum horridum,Nfix,0.033207276,42.602807,1937.528,33.5,7.1,123,ITS.cc.123,0.644,7.52
Spain Ordesa,S,Spain Ordesa.S,Echinospartum horridum,Nfix,0.033207276,42.602807,1927.514,31.9,5.9,124,ITS.cc.124,1.172,3.996
Spain Ordesa,S,Spain Ordesa.S,Echinospartum horridum,Nfix,0.033207276,42.602807,1927.946,33.8,6.5,125,ITS.cc.125,1.165,4.285
Spain Ordesa,S,Spain Ordesa.S,Echinospartum horridum,Nfix,0.033207276,42.602807,1951.934,32.2,7.5,126,ITS.cc.126,0.288,3.353
Spain Ordesa,S,Spain Ordesa.S,Echinospartum horridum,Nfix,0.033207276,42.602807,1954.695,30,6.9,127,ITS.cc.127,0.268,2.789
Spain Ordesa,S,Spain Ordesa.S,Echinospartum horridum,Nfix,0.033207276,42.602807,1948.936,37,6.6,128,ITS.cc.128,0.512,5.316
Spain Ordesa,S,Spain Ordesa.S,Echinospartum horridum,Nfix,0.033207276,42.602807,1949.481,35.2,7.6,129,ITS.cc.129,0.47,5.688
Spain Ordesa,S,Spain Ordesa.S,Echinospartum horridum,Nfix,0.033207276,42.602807,1949.955,31.4,7.8,130,ITS.cc.130,0.411,5.162
Spain Ordesa,NS,Spain Ordesa.NS,Linum catharticum,AMF,0.033207276,42.602807,1897.512,32.2,7.5,131,ITS.cc.131,0.512,3.498
Spain Ordesa,NS,Spain Ordesa.NS,Linum catharticum,AMF,0.033207276,42.602807,1896.525,29.3,7.8,132,ITS.cc.132,0.754,7.17
Spain Ordesa,NS,Spain Ordesa.NS,Linum catharticum,AMF,0.033207276,42.602807,1893.785,28.9,7.6,133,ITS.cc.133,0.553,6.108
Spain Ordesa,NS,Spain Ordesa.NS,Linum catharticum,AMF,0.033207276,42.602807,1885.072,28.3,6.5,134,ITS.cc.134,0.614,5.307
Spain Ordesa,NS,Spain Ordesa.NS,Linum catharticum,AMF,0.033207276,42.602807,1883.816,35.3,7.3,135,ITS.cc.135,0.299,2.534
Spain Ordesa,NS,Spain Ordesa.NS,Linum catharticum,AMF,0.033207276,42.602807,1942.236,39.2,7.3,136,ITS.cc.136,0.429,2.934
Spain Ordesa,NS,Spain Ordesa.NS,Linum catharticum,AMF,0.033207276,42.602807,1934.926,39.8,7,137,ITS.cc.137,0.417,4.982
Spain Ordesa,NS,Spain Ordesa.NS,Linum catharticum,AMF,0.033207276,42.602807,1932.679,43.2,6.8,138,ITS.cc.138,0.391,2.505
Spain Ordesa,NS,Spain Ordesa.NS,Linum catharticum,AMF,0.033207276,42.602807,1930.802,36.8,7.5,139,ITS.cc.139,0.36,3.311
Spain Ordesa,NS,Spain Ordesa.NS,Linum catharticum,AMF,0.033207276,42.602807,1929.482,36.5,7,140,ITS.cc.140,0.291,2.522
Spain,S,Spain.S,Juniperus communis,ECM.ERM,1.36667,42.575821,2100,6.3,6.9,141,ITS.cc.141,0.505,6.62
Spain,S,Spain.S,Juniperus communis,ECM.ERM,1.36668,42.575821,2100,8.5,6.65,142,ITS.cc.142,1.791,26.629
Spain,S,Spain.S,Juniperus communis,ECM.ERM,1.36669,42.575821,2100,13.3,6.8,143,ITS.cc.143,1.505,20.495
Spain,S,Spain.S,Juniperus communis,ECM.ERM,1.3667,42.575821,2100,18.2,6.75,144,ITS.cc.144,0.639,8.996
Spain,S,Spain.S,Juniperus communis,ECM.ERM,1.36671,42.575821,2100,23,6.4,145,ITS.cc.145,0.799,10.331
Spain,S,Spain.S,Juniperus communis,ECM.ERM,1.36672,42.575821,2100,12.3,6.4,146,ITS.cc.146,0.734,9.639
Spain,S,Spain.S,Juniperus communis,ECM.ERM,1.36673,42.575821,2100,14.2,6.63,147,ITS.cc.147,1.302,20.714
Spain,S,Spain.S,Juniperus communis,ECM.ERM,1.36674,42.575821,2100,11.5,6.75,148,ITS.cc.148,0.808,10.718
Spain,S,Spain.S,Juniperus communis,ECM.ERM,1.36675,42.575821,2100,12.2,5.9,149,ITS.cc.149,0.984,13.27
Spain,S,Spain.S,Juniperus communis,ECM.ERM,1.36676,42.575821,2100,12.6,6,150,ITS.cc.150,1.445,21.341
Spain,NS,Spain.NS,Festuca gautieri,AMF,1.36677,42.575821,2100,7.8,6.1,151,ITS.cc.151,0.924,12.778
Spain,NS,Spain.NS,Festuca gautieri,AMF,1.36678,42.575821,2100,12.4,5.97,152,ITS.cc.152,1.409,18.761
Spain,NS,Spain.NS,Festuca gautieri,AMF,1.36679,42.575821,2100,11.6,6.3,153,ITS.cc.153,1.131,11.567
Spain,NS,Spain.NS,Festuca gautieri,AMF,1.3668,42.575821,2100,6.1,6.5,154,ITS.cc.154,1.21,12.468
Spain,NS,Spain.NS,Festuca gautieri,AMF,1.36681,42.575821,2100,15,6.36,155,ITS.cc.155,1.342,17.71
Spain,NS,Spain.NS,Festuca gautieri,AMF,1.36682,42.575821,2100,11.4,6.6,156,ITS.cc.156,1.074,11.368
Spain,NS,Spain.NS,Festuca gautieri,AMF,1.36683,42.575821,2100,17.3,6.38,157,ITS.cc.157,1.067,11.454
Spain,NS,Spain.NS,Festuca gautieri,AMF,1.36684,42.575821,2100,15,6.28,158,ITS.cc.158,1.09,14.624
Spain,NS,Spain.NS,Festuca gautieri,AMF,1.36685,42.575821,2100,16,6.52,159,ITS.cc.159,0.918,8.121
Spain,NS,Spain.NS,Festuca gautieri,AMF,1.36686,42.575821,2100,18.5,5.97,160,ITS.cc.160,1.151,10.19
France,S,France.S,Alnus alnobetula,Nfix,6.17804,45.4215,1813.88,21.6,5.54,161,ITS.cc.161,1.529,21.317
France,S,France.S,Alnus alnobetula,Nfix,6.17804,45.4215,1801.382,18.13333333,5.26,162,ITS.cc.162,2.16,29.607
France,S,France.S,Alnus alnobetula,Nfix,6.17804,45.4215,1785.521,21.33333333,4.367,163,ITS.cc.163,1.835,26.214
France,S,France.S,Alnus alnobetula,Nfix,6.17804,45.4215,1774.706,100,5.61,164,ITS.cc.164,1.012,12.168
France,S,France.S,Alnus alnobetula,Nfix,6.17804,45.4215,1769.178,18.43333333,4.34,165,ITS.cc.165,2.342,27.52
France,S,France.S,Alnus alnobetula,Nfix,6.17804,45.4215,1769.419,21.96666667,4.43,166,ITS.cc.166,2.384,28.188
France,S,France.S,Alnus alnobetula,Nfix,6.17804,45.4215,1774.466,40.6,4.17,167,ITS.cc.167,2.566,14.097
France,S,France.S,Alnus alnobetula,Nfix,6.17804,45.4215,1860.022,12.36666667,4.12,168,ITS.cc.168,1.158,14.714
France,S,France.S,Alnus alnobetula,Nfix,6.17804,45.4215,1860.984,19.46666667,4.36,169,ITS.cc.169,0.239,2.927
France,S,France.S,Alnus alnobetula,Nfix,6.17804,45.4215,1769.899,8.566666667,6.53,170,ITS.cc.170,0.449,5.597
France,NS,France.NS,Vaccinium myrtillus,AMF,6.17804,45.4215,1813.88,12.13333333,6.36,171,ITS.cc.171,0.774,11.396
France,NS,France.NS,Vaccinium myrtillus,AMF,6.17804,45.4215,1801.382,13.5,6.32,172,ITS.cc.172,0.901,13.097
France,NS,France.NS,Vaccinium myrtillus,AMF,6.17804,45.4215,1785.521,46.46666667,6.37,173,ITS.cc.173,0.614,6.938
France,NS,France.NS,Vaccinium myrtillus,AMF,6.17804,45.4215,1774.706,42.9,6.14,174,ITS.cc.174,0.903,9.64
France,NS,France.NS,Vaccinium myrtillus,AMF,6.17804,45.4215,1769.178,19.33333333,6.27,175,ITS.cc.175,0.775,11.198
France,NS,France.NS,Vaccinium myrtillus,AMF,6.17804,45.4215,1769.419,11.16666667,5.63,176,ITS.cc.176,2.355,9.207
France,NS,France.NS,Vaccinium myrtillus,AMF,6.17804,45.4215,1774.466,26.56666667,5.44,177,ITS.cc.177,2.379,10.342
France,NS,France.NS,Vaccinium myrtillus,AMF,6.17804,45.4215,1860.022,17.93333333,5.45,178,ITS.cc.178,0.711,9.455
France,NS,France.NS,Vaccinium myrtillus,AMF,6.17804,45.4215,1860.984,18.03333333,4.93,179,ITS.cc.179,1.719,24.264
France,NS,France.NS,Vaccinium myrtillus,AMF,6.17804,45.4215,1769.899,12.73333333,6.06,180,ITS.cc.180,0.481,6.044
Czech Rep,S,Czech Rep.S,Pinus mugo,ECM.ERM,15.536048,50.766785,1343.94,3,4.22,181,ITS.cc.181,0.507,8.657
Czech Rep,S,Czech Rep.S,Pinus mugo,ECM.ERM,15.535814,50.767235,1344.61,3.9,4.79,182,ITS.cc.182,0.839,14.643
Czech Rep,S,Czech Rep.S,Pinus mugo,ECM.ERM,15.536593,50.768617,1358.01,9,4.03,183,ITS.cc.183,1.661,30.084
Czech Rep,S,Czech Rep.S,Pinus mugo,ECM.ERM,15.537492,50.768521,1351.06,8.6,3.59,184,ITS.cc.184,0.587,10.306
Czech Rep,S,Czech Rep.S,Pinus mugo,ECM.ERM,15.537658,50.769055,1346.09,10.3,4.24,185,ITS.cc.185,0.547,7.723
Czech Rep,S,Czech Rep.S,Pinus mugo,ECM.ERM,15.541361,50.769484,1346.86,6.5,4.04,186,ITS.cc.186,1.608,25.065
Czech Rep,S,Czech Rep.S,Pinus mugo,ECM.ERM,15.541341,50.769407,1346.72,6.4,4.01,187,ITS.cc.187,0.707,9.868
Czech Rep,S,Czech Rep.S,Pinus mugo,ECM.ERM,15.543806,50.769592,1337.33,23.8,4.2,188,ITS.cc.188,0.755,9.78
Czech Rep,S,Czech Rep.S,Pinus mugo,ECM.ERM,15.544448,50.769873,1329.3,8.7,3.78,189,ITS.cc.189,1.469,25.876
Czech Rep,S,Czech Rep.S,Pinus mugo,ECM.ERM,15.544236,50.770306,1333.57,22.4,4.09,190,ITS.cc.190,0.877,13.62
Czech Rep,NS,Czech Rep.NS,Calamagrostis villosa,AMF,15.536058,50.766833,1342.13,15.3,4.19,191,ITS.cc.191,0.416,5.684
Czech Rep,NS,Czech Rep.NS,Calamagrostis villosa,AMF,15.535811,50.767256,1344.91,10.7,4.13,192,ITS.cc.192,0.714,11.72
Czech Rep,NS,Czech Rep.NS,Calamagrostis villosa,AMF,15.536515,50.768603,1354.28,12.5,4.18,193,ITS.cc.193,0.67,10.038
Czech Rep,NS,Czech Rep.NS,Calamagrostis villosa,AMF,15.537486,50.768493,1347.41,19.4,4.05,194,ITS.cc.194,0.34,4.957
Czech Rep,NS,Czech Rep.NS,Calamagrostis villosa,AMF,15.537582,50.769048,1346.26,44.5,4.17,195,ITS.cc.195,0.713,12.523
Czech Rep,NS,Czech Rep.NS,Calamagrostis villosa,AMF,15.541381,50.76953,1347.22,27.3,3.98,196,ITS.cc.196,0.814,11.875
Czech Rep,NS,Czech Rep.NS,Calamagrostis villosa,AMF,15.541395,50.769314,1345.07,29.4,3.78,197,ITS.cc.197,2.012,31.466
Czech Rep,NS,Czech Rep.NS,Calamagrostis villosa,AMF,15.543746,50.769548,1337.74,18.4,4.03,198,ITS.cc.198,1.422,22.277
Czech Rep,NS,Czech Rep.NS,Calamagrostis villosa,AMF,15.544362,50.769905,1331.35,17,3.94,199,ITS.cc.199,2.176,35.452
Czech Rep,NS,Czech Rep.NS,Calamagrostis villosa,AMF,15.544231,50.770384,1333.84,17.4,3.77,200,ITS.cc.200,0.783,9.391
Sweden,S,Sweden.S,Salix lapponum,AMF,18.736889,68.360658,740,27.8,6.06,201,ITS.cc.201,1.057,13.633
Sweden,S,Sweden.S,Salix lapponum,AMF,18.736889,68.360658,740,25.4,6.4,202,ITS.cc.202,1.772,23.853
Sweden,S,Sweden.S,Salix lapponum,AMF,18.736889,68.360658,740,26.4,6.24,203,ITS.cc.203,0.997,13.897
Sweden,S,Sweden.S,Salix lapponum,AMF,18.736889,68.360658,740,25.3,6.28,204,ITS.cc.204,1.054,13.443
Sweden,S,Sweden.S,Salix lapponum,AMF,18.736889,68.360658,740,31.7,6.3,205,ITS.cc.205,1.16,15.772
Sweden,S,Sweden.S,Salix lapponum,AMF,18.736889,68.360658,740,29.4,5.23,206,ITS.cc.206,1.064,14.494
Sweden,S,Sweden.S,Salix lapponum,AMF,18.736889,68.360658,740,24.8,5.75,207,ITS.cc.207,0.854,14.753
Sweden,S,Sweden.S,Salix lapponum,AMF,18.736889,68.360658,740,24.8,5.7,208,ITS.cc.208,1.783,29.371
Sweden,NS,Sweden.NS,Trollius europaeus,AMF,18.736889,68.360658,740,37.7,6.17,209,ITS.cc.209,0.587,6.849
Sweden,NS,Sweden.NS,Trollius europaeus,AMF,18.736889,68.360658,740,29.4,6.53,210,ITS.cc.210,0.833,10.871
Sweden,NS,Sweden.NS,Trollius europaeus,AMF,18.736889,68.360658,740,25.3,6.42,211,ITS.cc.211,1.096,15.992
Sweden,NS,Sweden.NS,Trollius europaeus,AMF,18.736889,68.360658,740,27.5,6.51,212,ITS.cc.212,1.241,15.493
Sweden,NS,Sweden.NS,Trollius europaeus,AMF,18.736889,68.360658,740,32.4,5.9,213,ITS.cc.213,0.762,10.217
Sweden,NS,Sweden.NS,Trollius europaeus,AMF,18.736889,68.360658,740,31.7,5.62,214,ITS.cc.214,0.896,12.303
Sweden,NS,Sweden.NS,Trollius europaeus,AMF,18.736889,68.360658,740,25.2,5.68,215,ITS.cc.215,0.854,11.73
Sweden,NS,Sweden.NS,Trollius europaeus,AMF,18.736889,68.360658,740,36.1,5.43,216,ITS.cc.216,0.781,11.414
China,S,China.S,Potentilla fruticosa,AMF,101.866347,33.665536,3506,42.7,6.8,217,ITS.cc.217,0.135204941,2.924132586
China,S,China.S,Potentilla fruticosa,AMF,101.866348,33.665536,3506,43.8,7.6,218,ITS.cc.218,0.252642721,3.852763414
China,S,China.S,Potentilla fruticosa,AMF,101.866349,33.665536,3506,44.5,7.6,219,ITS.cc.219,0.566409647,7.62853384
China,S,China.S,Potentilla fruticosa,AMF,101.86635,33.665536,3506,45.1,7.1,220,ITS.cc.220,0.160825297,2.865310431
China,S,China.S,Potentilla fruticosa,AMF,101.866351,33.665536,3506,45.6,6.1,221,ITS.cc.221,0.214781642,3.274908543
China,S,China.S,Potentilla fruticosa,AMF,101.866352,33.665536,3506,46.3,6.4,222,ITS.cc.222,0.473723501,6.276756287
China,S,China.S,Potentilla fruticosa,AMF,101.866353,33.665536,3506,47.3,6.8,223,ITS.cc.223,0.095264345,2.068910599
China,S,China.S,Potentilla fruticosa,AMF,101.866354,33.665536,3506,48.1,6.8,224,ITS.cc.224,0.771380246,9.869379044
China,S,China.S,Potentilla fruticosa,AMF,101.866355,33.665536,3506,48.7,6.8,225,ITS.cc.225,0.824367404,11.42596817
China,S,China.S,Potentilla fruticosa,AMF,101.866356,33.665536,3506,49.6,6.8,226,ITS.cc.226,0.880058885,12.14098263
China,NS,China.NS,Agrostis trinii,AMF,101.866357,33.665536,3506,53.2,7.26,227,ITS.cc.227,0.539997697,7.791235447
China,NS,China.NS,Agrostis trinii,AMF,101.866358,33.665536,3506,53.7,7.7,228,ITS.cc.228,0.461035341,7.674352646
China,NS,China.NS,Agrostis trinii,AMF,101.866359,33.665536,3506,53.7,7.14,229,ITS.cc.229,0.355725974,6.241310596
China,NS,China.NS,Agrostis trinii,AMF,101.86636,33.665536,3506,54.2,7.5,230,ITS.cc.230,0.1824743,3.822002172
China,NS,China.NS,Agrostis trinii,AMF,101.866361,33.665536,3506,53.6,7.23,231,ITS.cc.231,0.159658849,3.748466253
China,NS,China.NS,Agrostis trinii,AMF,101.866362,33.665536,3506,53.3,7.61,232,ITS.cc.232,0.239585578,4.751506329
China,NS,China.NS,Agrostis trinii,AMF,101.866363,33.665536,3506,52.4,7.74,233,ITS.cc.233,0.145700812,3.323760271
China,NS,China.NS,Agrostis trinii,AMF,101.866364,33.665536,3506,52.5,7.66,234,ITS.cc.234,0.213898256,4.438272953
China,NS,China.NS,Agrostis trinii,AMF,101.866365,33.665536,3506,51.9,7.54,235,ITS.cc.235,0.158442676,3.433124542
China,NS,China.NS,Agrostis trinii,AMF,101.866366,33.665536,3506,51,7.6,236,ITS.cc.236,0.221980438,4.343776226
US CA,NS,US CA.NS,Koeleria Macrantha,AMF,-118.2409112,37.57644743,3750,6.6,6.3,237,ITS.cc.237,0.279,3.278
US CA,NS,US CA.NS,Koeleria Macrantha,AMF,-118.2409112,37.57644743,3750,6.6,6.3,238,ITS.cc.238,0.311,3.696
US CA,NS,US CA.NS,Koeleria Macrantha,AMF,-118.2409112,37.57644743,3750,6.1,6.31,239,ITS.cc.239,0.37,4.408
US CA,NS,US CA.NS,Koeleria Macrantha,AMF,-118.2409112,37.57644743,3750,6.1,6.31,240,ITS.cc.240,0.524,4.197
US CA,NS,US CA.NS,Koeleria Macrantha,AMF,-118.2409112,37.57644743,3750,7.5,5.86,241,ITS.cc.241,0.207,3.431
US CA,NS,US CA.NS,Koeleria Macrantha,AMF,-118.2409112,37.57644743,3750,7.5,5.86,242,ITS.cc.242,0.368,2.755
US CA,NS,US CA.NS,Koeleria Macrantha,AMF,-118.2409112,37.57644743,3750,5.4,7.1,243,ITS.cc.243,0.341,2.151
US CA,NS,US CA.NS,Koeleria Macrantha,AMF,-118.2409112,37.57644743,3750,5.4,7.1,244,ITS.cc.244,0.111,2.107
US CA,NS,US CA.NS,Koeleria Macrantha,AMF,-118.2409112,37.57644743,3750,5.3,5.2,245,ITS.cc.245,0.173,2.915
US CA,NS,US CA.NS,Koeleria Macrantha,AMF,-118.2409113,37.57644743,3750,5.3,5.2,246,ITS.cc.246,0.191,2.37
US CA,S,US CA.S,Artemisia rothrockii,AMF,-118.2409113,37.57644743,3750,5.8,6.27,247,ITS.cc.247,0.249,3.105
US CA,S,US CA.S,Artemisia rothrockii,AMF,-118.2409113,37.57644743,3750,5.8,6.27,248,ITS.cc.248,0.219,3.357
US CA,S,US CA.S,Artemisia rothrockii,AMF,-118.2409113,37.57644743,3750,6.3,5.89,249,ITS.cc.249,0.299,4.991
US CA,S,US CA.S,Artemisia rothrockii,AMF,-118.2409113,37.57644743,3750,6.3,5.89,250,ITS.cc.250,0.266,3.289
US CA,S,US CA.S,Artemisia rothrockii,AMF,-118.2409113,37.57644743,3750,5.4,5.88,251,ITS.cc.251,0.122,2.315
US CA,S,US CA.S,Artemisia rothrockii,AMF,-118.2409113,37.57644743,3750,5.4,5.88,252,ITS.cc.252,0.114,2.417
US CA,S,US CA.S,Artemisia rothrockii,AMF,-118.2409113,37.57644743,3750,8.1,6.25,253,ITS.cc.253,0.2,2.96
US CA,S,US CA.S,Artemisia rothrockii,AMF,-118.2409113,37.57644743,3750,8.1,6.25,254,ITS.cc.254,0.416,6.159
US CA,S,US CA.S,Artemisia rothrockii,AMF,-118.2409113,37.57644743,3750,5.7,5.69,255,ITS.cc.255,0.089,2.305
US CA,S,US CA.S,Artemisia rothrockii,AMF,-118.2409114,37.57644743,3750,5.7,5.69,256,ITS.cc.256,0.267,2.783
